Cancer Predisposition genes,ACMG genes,Cardiovascular Diseases,Ciliopathies,Dermatological disorders,Hearing loss,Hematological disorders,Neurological diseases,Neuromuscular disorders,Nuclear mitochondrial genes,Ophthalmological conditions,Prenatal screening panel,Pulmonary disorders,Kidney disorders
ABCB11,ACTA2,ABCC9,ACVR2B,ABCA12,ABHD12,BRCA2,ADSL,AARS,AARS2,AAAS,CYP17A1,ABCA3,ACTN4
ACD,ACTC1,ACTC1,AHI1,ABHD5,ACTB,BRIP1,ALDH5A1,AIFM1,ABCB7,ABCA1,HSD3B2,CSF2RA,ANLN
AIP,APC,ACTN2,ANKS6,ALDH3A2,ACTG1,CTC1,ALDH7A1,BSCL2,ACAD9,ABCA4,HMGCL,CSF2RB,ARHGAP24
ALK,APOB,AKAP9,ARL13B,ALOX12B,ADCY1,DKC1,ALG13,DNAJB2,ACO2,ABCC6,OPA3,DKC1,ARHGDIA
APC,ATP7B,ALMS1,ARL6,ALOXE3,AIFM1,ELANE,ARHGEF9,DNM2,AFG3L2,ABCD1,MTTP,ELMOD2,CD2AP
ATM,BMPR1A,ALPK3,ARMC4,AP1S1,ALMS1,ERCC4,ARX,DYNC1H1,AGK,ABHD12,ACAD9,HPS1,COL4A3
ATR,BRCA1,ANK2,B9D1,ARSE,ANKH,FANCA,ASNS,EGR2,AIFM1,ACBD5,CNGB3,HPS4,COL4A4
AXIN2,BRCA2,ANKRD1,B9D2,CASP14,ATP6V1B1,FANCB,ATP1A2,FGD4,ALAS2,ACO2,SLC39A4,ITGA3,COL4A5
BAP1,CACNA1S,BAG3,BBIP1,CDSN,BDP1,FANCC,ATP1A3,FIG4,APOPT1,ACOX1,ADA,NAF1,COL4A6
BARD1,COL3A1,BRAF,BBS1,CERS3,BSND,FANCD2,ATP6AP2,GAN,ATP5A1,ACTB,SAMHD1,NF1,COQ2
BLM,DSC2,CACNA1C,BBS10,CHST8,CABP2,FANCE,ATRX,GARS,ATP5E,ACTG1,MAN2B1,NKX2-1,COQ6
BMPR1A,DSG2,CACNA2D1,BBS12,CLDN1,CACNA1D,FANCF,BRAT1,GDAP1,ATP7B,ACVR1,HBA1/HBA2,PARN,COQ8B
BRAF,DSP,CACNB2,BBS2,CSTA,CCDC50,FANCG,CACNA1A,GJB1,ATPAF2,ACVR2B,ATRX,RTEL1,CRB2
BRCA1,FBN1,CALM1,BBS4,CYP4F22,CD164,FANCI,CASK,GNB4,AUH,ADAM9,COL4A3,SFTPA1,CUBN
BRCA2,GLA,CALM2,BBS5,EBP,CDC14A,FANCL,CDKL5,HARS,BCS1L,ADAMTS10,COL4A4,SFTPA2,DGKE
BRIP1,KCNH2,CALM3,BBS7,ELOVL4,CDH23,FANCM,CHD2,HINT1,BOLA3,ADAMTS17,COL4A5,SFTPB,EMP2
BUB1B,KCNQ1,CASQ2,BBS9,FLG,CEACAM16,GATA1,CHRNA2,HSPB1,C12ORF65,ADAMTS18,ALMS1,SFTPC,FAT1
CBL,LDLR,CAV3,CC2D2A,FLG2,CHD7,GATA2,CHRNA4,HSPB8,C19orf12,ADAMTSL4,SLC12A6,SLC34A2,INF2
CDC73,LMNA,CHRM2,CCDC103,GJB2,CIB2,MPL,CHRNA7,IGHMBP2,CARS2,ADGRV1,ARG1,SLC7A7,ITGA3
CDH1,MEN1,CRYAB,CCDC114,GJB3,CLDN14,NHP2,CHRNB2,INF2,CLPB,ADIPOR1,ASL,SMPD1,ITGB4
CDK4,MLH1,CSRP3,CCDC151,GJB4,CLIC5,NOP10,CLCN4,KIF5A,COA5,AGBL1,CYP19A1,STAT3,KANK1
CDKN1B,MSH2,CTNNA3,CCDC39,GJB6,CLPP,PALB2,CLN3,LITAF,COA6,AGBL5,ASNS,TERC,KANK2
CDKN1C,MSH6,DES,CCDC40,KDSR,CLRN1,RAD51C,CLN5,LMNA,COASY,AGK,AGA,TERT,KANK4
CDKN2A,MUTYH,DMD,CCDC65,KRT1,COCH,RPL11,CLN6,LRSAM1,COQ2,AGPS,TTPA,TINF2,LAGE3
CDKN2B,MYBPC3,DOLK,CCNO,KRT10,COL11A1,RPL26,CLN8,MFN2,COQ4,AHI1,ATM,TSC1,LAMA5
CEBPA,MYH11,DSC2,CEP164,KRT2,COL11A2,RPL35A,CNTNAP2,MME,COQ6,AIPL1,AIRE,TSC2,LAMB2
CHEK2,MYH7,DSG2,CEP290,KRT9,COL2A1,RPL5,CSTB,MORC2,COQ7,AIRE,LOXHD1,CCDC39,LMX1B
CYLD,MYL2,DSP,CEP41,LIPN,COL4A3,RPS10,CTNNB1,MPZ,COQ8A,AKAP9,SACS,CCDC40,MAGI2
DDB2,MYL3,DTNA,CEP83,LOR,COL4A4,RPS19,CTSD,MTMR2,COQ8B,ALDH18A1,BBS1,CFTR,MYO1E
DDX41,NF2,EMD,CFAP298,MBTPS2,COL4A5,RPS24,CTSF,NDRG1,COQ9,ALDH1A3,BBS10,CHAT,NPHS1
DICER1,OTC,EYA4,CFAP53,NIPAL4,COL4A6,RPS26,DDX3X,NEFL,COX10,ALDH3A2,BBS12,CHRNA1,NPHS2
DIS3L2,PCSK9,FHL1,CFTR,NSDHL,CRYM,RPS7,DEPDC5,PLEKHG5,COX14,ALG2,BBS2,CHRNB1,NUP107
DKC1,PKP2,FKRP,CPLANE1,PEX7,DCDC2,RUNX1,DNAJC5,PMP22,COX15,ALG6,BSND,CHRND,NUP205
EGFR,PMS2,FKTN,CSPP1,PHGDH,DFNA5,SLX4,DNM1,PRPS1,COX20,ALMS1,ACAT1,CHRNE,NUP93
EPCAM,PRKAG2,FLNC,DCDC2,PHYH,DFNB59,TERC,DYRK1A,PRX,COX6A1,ALX1,BLM,COLQ,OSGEP
ERCC1,PTEN,GAA,DNAAF1,PNPLA1,DIABLO,TERT,EEF1A2,RAB7A,COX6B1,AMACR,ASPA,DNAAF1,PAX2
ERCC2,RB1,GATA4,DNAAF2,POMP,DIAPH1,TINF2,EHMT1,SBF1,COX8A,AMT,CPS1,DNAAF2,PDSS2
ERCC3,RET,GATA5,DNAAF3,PSAT1,DIAPH3,WAS,EPM2A,SBF2,CYC1,ANKLE2,CPT1A,DNAH1,PLCE1
ERCC4,RYR1,GATA6,DNAAF4,SDR9C7,DNMT1,XRCC2,FLNA,SH3TC2,DARS2,ANKS6,CPT2,DNAH11,PTPRO
ERCC5,RYR2,GATAD1,DNAAF5,SERPINB8,DSPP,CBMLP,FOLR1,SLC12A6,DGUOK,ANTXR1,RAB23,DNAH5,SCARB2
ETV6,SCN5A,GJA5,DNAH11,SLC27A4,EDN3,ABCB7,FOXG1,TRIM2,DLAT,AP3B1,RMRP,DNAI1,SGPL1
EXT1,SDHAF2,GLA,DNAH5,SNAP29,EDNRB,ACD,FRRS1L,TRPV4,DLD,AP3D1,CYP27A1,DNAI2,SMARCAL1
EXT2,SDHB,GNB5,DNAH8,SPINK5,ELMOD3,AK2,GABBR2,YARS,DNA2,ARL13B,NDRG1,DNAL1,TP53RK
FAH,SDHC,GPD1L,DNAI1,ST14,EPS8,ALAS2,GABRA1,ACTA1,DNAJC19,ARL2BP,GJB1,EDN3,TPRKB
FANCA,SDHD,HCN4,DNAI2,STS,ESPN,ANKRD26,GABRB2,ANO5,DNM1L,ARL3,VPS13A,EFEMP2,TRPC6
FANCC,SMAD3,HFE,DNAL1,TGM1,ESRRB,APC,GABRB3,ASAH1,EARS2,ARL6,CHM,ELN,TTC21B
FANCD2,SMAD4,HRAS,DRC1,TGM5,EYA1,ATM,GABRG2,ATP2A1,ECHS1,ARNT2,CYBA,FBLN5,WDR73
FANCE,STK11,ILK,FOXH1,VPS33B,EYA4,ATR,GAMT,B3GALNT2,ELAC2,ARSB,CYBB,FLCN,WT1
FANCF,TGFBR1,JPH2,GDF1,ZMPSTE24,FAM65B,BLM,GATM,B4GAT1,ETFA,ARX,SLC25A13,FOXF1,XPO5
FANCG,TGFBR2,JUP,GLIS2,COL17A1,FGF3,BRCA1,GLDC,BAG3,ETFB,ASB10,ASS1,GAS8,ACE
FANCI,TMEM43,KCNA5,IFT27,COL7A1,FGFR1,C15orf41,GNAO1,BICD2,ETFDH,ASPA,ERCC8,GLRA1,AGT
FANCL,TNNI3,KCND3,INPP5E,DSG1,FGFR2,CBL,GOSR2,BIN1,ETHE1,ASPH,ERCC6,LTBP4,AGTR1
FANCM,TNNT2,KCNE1,INVS,DSP,FGFR3,CDAN1,GRIN1,BVES,FARS2,ASRGL1,VPS13B,MECP2,BMP4
FH,TP53,KCNE1L,IQCB1,DST,FOXI1,CDKN2A,GRIN2A,CACNA1S,FASTKD2,ATAD3A,ACSF3,NME8,BMP7
FLCN,TPM1,KCNE2,KIF14,EXPH5,GATA3,CEBPA,GRIN2B,CAPN3,FBXL4,ATF4,GFM1,PHOX2B,CDC5L
GATA2,TSC1,KCNE3,KIF7,FERMT1,GIPC3,CHEK2,HNRNPU,CAV3,FDX1L,ATF6,TSFM,PIH1D3,CHD1L
GPC3,TSC2,KCNH2,LEFTY2,ITGA3,GJA1,CSF3R,IQSEC2,CCDC78,FH,ATIC,LHX3,RAPSN,DSTYK
HFE,VHL,KCNJ2,LRRC6,ITGA6,GJB2,CXCR4,KANSL1,CFL2,FLAD1,ATM,PROP1,RET,EYA1
HMBS,WT1,KCNJ5,LZTFL1,ITGB4,GJB3,DDX11,KCNA2,CHKB,FOXRED1,ATOH7,PSAP,RSPH3,FAT4
HNF1A,,KCNJ8,MKKS,JUP,GJB6,DDX41,KCNB1,CLCN1,GARS,ATP13A2,MPL,RSPH4A,FGF20
HRAS,,KCNQ1,MKS1,KLHL24,GPR98,EPCAM,KCNC1,CNTN1,GCDH,ATP1A3,ALG6,RSPH9,FGFR2
KIT,,KRAS,NEK8,KRT14,GPSM2,ESCO2,KCNH1,COL12A1,GFER,ATXN7,MPI,SCN4A,FOXP1
KRAS,,LAMA4,NKX2-5,KRT5,GRHL2,ETV6,KCNJ10,COL6A1,GFM1,B3GALNT2,PMM2,SCNN1A,FRAS1
LZTR1,,LAMP2,NME8,LAMA3,GRXCR1,G6PC3,KCNMA1,COL6A2,GFM2,B3GALTL,TGM1,SCNN1B,FREM1
MAP2K1,,LDB3,NODAL,LAMB3,HARS,GFI1,KCNQ2,COL6A3,GLRX5,B4GAT1,NTRK1,SERPINA1,FREM2
MAP2K2,,LMNA,NPHP1,LAMC2,HARS2,GLRX5,KCNQ3,CRYAB,GTPBP3,B9D1,CHRNE,SLC6A5,GATA3
MAX,,LRRC10,NPHP3,PKP1,HGF,HAX1,KCNT1,DAG1,GYG2,B9D2,RAPSN,ZEB2,GLI2
MEN1,,MAP2K1,NPHP4,PLEC,HOMER2,KIF23,KCTD7,DES,HARS2,BBIP1,HAX1,,GLI3
MET,,MAP2K2,OFD1,AXIN2,HSD17B4,KLF1,KDM6A,DMD,HMGCL,BBS1,SLC4A11,,GREB1L
MITF,,MIB1,PDE6D,CDH1,ILDR1,KRAS,KIAA2022,DNAJB6,HTRA2,BBS10,CYP11B2,,GRIP1
MLH1,,MTND1,RPGR,CDH3,KARS,LAMTOR2,LGI1,DOK7,IARS2,BBS12,CFTR,,HNF1B
MPL,,MTND5,RPGRIP1L,CHUK,KCNE1,LIG4,MAGI2,DPM1,IBA57,BBS2,CTNS,,HOXA13
MSH2,,MTND6,RSPH1,COL11A1,KCNJ10,LYST,MBD5,DPM2,ISCA2,BBS4,HSD17B4,,HOXA4
MSH6,,MTTD,RSPH4A,CTNND1,KCNQ1,MLH1,MECP2,DPM3,ISCU,BBS5,DHDDS,,HOXB6
MTAP,,MTTG,RSPH9,DKC1,KCNQ4,MSH2,MEF2C,DYSF,LAMP2,BBS7,DLD,,HPSE2
MUTYH,,MTTH,SDCCAG8,DOCK8,KITLG,MSH6,MFSD8,EMD,LARS,BBS9,DMD,,ITGA8
NBN,,MTTI,SPAG1,EDA,LARS2,NBN,NALCN,FHL1,LARS2,BCOR,DYSF,,LIFR
NF1,,MTTK,TCTN1,EDA2R,LHFPL5,NF1,NGLY1,FKRP,LIAS,BCS1L,COL7A1,,LRP4
NF2,,MTTL1,TCTN2,EDAR,LRTOMT,NF2,NHLRC1,FKTN,LIPT1,BEST1,ADAMTS2,,MUC1
NHP2,,MTTL2,TCTN3,EDARADD,MARVELD2,NHEJ1,NPRL3,FLNC,LRPPRC,BFSP1,EVC,,MYH9
NRAS,,MTTM,TMEM138,ERCC2,MCM2,PARN,NR2F1,GAA,LYRM4,BFSP2,EVC2,,NIPBL
NTHL1,,MTTQ,TMEM216,ERCC3,MIR96,PAX5,NRXN1,GBE1,LYRM7,BLOC1S3,EMD,,PBX1
PALB2,,MTTS1,TMEM231,EVC,MITF,PMS2,PACS1,GMPPB,MARS2,BLOC1S6,NR2E3,,REN
PDGFRA,,MTTS2,TMEM237,EVC2,MSRB3,PTPN11,PCDH19,GNE,MFF,BMP1,ETHE1,,RET
PHOX2B,,MURC,TMEM67,FOXI3,MT-RNR1,RAB27A,PIGA,ISPD,MFN2,BMP4,GLA,,ROBO2
PMS2,,MYBPC3,TRIM32,FRAS1,MT-TL1,RAC2,PIGN,ITGA7,MGME1,BMP7,F9,,SALL1
POLD1,,MYH6,TTC21B,FREM1,MT-TS1,RAD51,PIGO,KBTBD13,MICU1,BRAF,IKBKAP,,SIX1
POLE,,MYH7,TTC8,FREM2,MYH14,RAF1,PIGV,KLHL40,MPC1,BRIP1,LDLR,,SIX2
POLH,,MYL2,WDPCP,GRHL3,MYH9,RBM8A,PLCB1,KLHL41,MPV17,BTD,LDLRAP1,,SIX5
POT1,,MYL3,WDR19,GTF2H5,MYO15A,RECQL,PNKP,LAMA2,MRPL12,BUB1B,ABCC8,,SOX11
PRF1,,MYL4,ZIC3,HR,MYO3A,RMRP,PNPO,LAMP2,MRPL3,C10ORF11,KCNJ11,,SOX17
PRKAR1A,,MYLK2,ZMYND10,IFT122,MYO6,RPL15,POLG,LARGE,MRPL44,C10orf2,FANCA,,SRGAP1
PTCH1,,MYOZ2,ZNF423,IKBKG,MYO7A,RPL19,PPP2R5D,LDB3,MRPS16,C12ORF57,FANCC,,TBX18
PTCH2,,MYPN,AHI1,KAT6B,NDP,RPL27,PPT1,LMOD3,MRPS22,C12ORF65,FANCG,,TRAP1
PTEN,,NEBL,ANKS6,KLF4,NLRP3,RPS17,PRRT2,MEGF10,MRPS7,C1ORF186,FMR1,,UMOD
PTPN11,,NEXN,ARL13B,KRT16,OPA1,RPS27,PURA,MICU1,MTFMT,C1QTNF5,FH,,UPK3A
RAD51C,,NKX2-5,ARL6,KRT85,OSBPL2,RPS29,QARS,MTM1,MTO1,C21ORF2,GALK1,,WNT4
RAD51D,,NRAS,ARMC4,LEF1,OTOA,RTEL1,SATB2,MYH2,MTPAP,C2CD3,GALT,,DNAJB11
RAF1,,PDLIM3,B9D1,LIPH,OTOF,SAMD9,SCARB2,MYH7,NARS2,C2ORF71,GBA,,DZIP1L
RB1,,PKP2,B9D2,LRP6,OTOG,SAMD9L,SCN1A,MYOT,NDUFA1,C5orf42,SLC12A3,,GANAB
RECQL,,PLN,BBS1,LTBP3,OTOGL,SBDS,SCN1B,NEB,NDUFA10,C8ORF37,GJB2,,HNF1B
RECQL4,,PPA2,BBS10,MSX1,P2RX2,SEC23B,SCN2A,PHKA1,NDUFA11,CA2,GCDH,,PKD1
RET,,PRDM16,BBS12,NECTIN1,PAX3,SH2B3,SCN8A,PLEC,NDUFA12,CA4,ETFA,,PKD2
RFWD3,,PRKAG2,BBS2,NECTIN4,PCDH15,SLC25A38,SLC13A5,POMGNT1,NDUFA2,CABP4,ETFDH,,PKHD1
RHBDF2,,PTPN11,BBS4,NFKB1,PDZD7,SLC37A4,SLC19A3,POMK,NDUFA4,CACNA1A,AMT,,ANKS6
RTEL1,,RAF1,BBS5,NFKBIA,PMP22,SOS1,SLC25A22,POMT1,NDUFA9,CACNA1F,GLDC,,CEP164
RUNX1,,RANGRF,BBS7,ORAI1,PNPT1,SRP72,SLC2A1,POMT2,NDUFAF1,CACNA1H,G6PC,,CEP290
SBDS,,RBM20,BBS9,PAX9,POLR1D,TAZ,SLC6A1,PYGM,NDUFAF2,CACNA2D4,SLC37A4,,CEP83
SDHA,,RIT1,CC2D2A,PIGL,POU3F4,TP53,SLC6A8,RYR1,NDUFAF3,CANT1,GAA,,COL4A1
SDHAF2,,RYR2,CCDC103,PLCD1,POU4F3,USB1,SLC9A6,SCN4A,NDUFAF4,CAPN15,AGL,,CRB2
SDHB,,SCN10A,CCDC114,PORCN,PRPS1,VPS13B,SMC1A,SEPN1,NDUFAF5,CAPN5,GBE1,,DCDC2
SDHC,,SCN1B,CCDC151,PTH1R,PTPRQ,VPS45,SPATA5,SGCA,NDUFAF6,CASK,PYGM,,DICER1
SDHD,,SCN2B,CCDC39,REL,RDX,WIPF1,SPTAN1,SGCB,NDUFAF7,CAV1,PFKM,,DNAJB11
SETBP1,,SCN3B,CCDC40,RELA,S1PR2,WRAP53,STX1B,SGCD,NDUFB11,CBS,BCS1L,,GLIS2
SH2D1A,,SCN4B,CCDC65,RELB,SALL1,,STXBP1,SGCG,NDUFB3,CC2D2A,GAMT,,IFT172
SLC25A13,,SCN5A,CCNO,SMARCAD1,SEMA3E,,SYNGAP1,SIL1,NDUFB9,CCDC103,HBB,,INVS
SLX4,,SGCD,CEP104,TP63,SERPINB6,,SZT2,SLC52A2,NDUFS1,CCDC114,ALDOB,,IQCB1
SMAD4,,SHOC2,CEP120,TRAF6,SIX1,,TBC1D24,SLC52A3,NDUFS2,CCDC28B,TFR2,,JAG1
SMARCA4,,SNTA1,CEP164,TWIST2,SIX5,,TBL1XR1,SYNE1,NDUFS3,CCDC39,HPS1,,LRP5
SMARCB1,,SOS1,CEP290,WDR19,SLC17A8,,TCF4,TCAP,NDUFS4,CCDC40,HPS3,,MAPKBP1
SMARCE1,,TAZ,CEP41,WDR35,SLC26A4,,TPP1,TMEM5,NDUFS6,CD320,HLCS,,MUC1
SOS1,,TBX20,CEP83,WNT10A,SLC26A5,,TSC1,TNNI2,NDUFS7,CD96,CBS,,NEK8
SPRTN,,TCAP,CFAP298,WNT10B,SLC33A1,,TSC2,TNNT1,NDUFS8,CDH23,MTHFR,,NOTCH2
SRP72,,TECRL,CPLANE1,ZNF750,SLITRK6,,UBE3A,TNPO3,NDUFV1,CDH3,MTRR,,NPHP1
STAT3,,TGFB3,CSPP1,,SMPX,,WDR45,TOR1AIP1,NDUFV2,CDHR1,HYLS1,,NPHP3
STK11,,TMEM43,DCDC2,,SNAI2,,WWOX,TPM2,NFS1,CDKN2A,SLC25A15,,NPHP4
SUFU,,TMPO,DNAAF1,,SOX10,,ZEB2,TPM3,NFU1,CDON,EDA,,OFD1
TERT,,TNNC1,DNAAF2,,SOX2,,ACTB,TRAPPC11,NR2F1,CEP164,ALPL,,PAX2
TGFBR1,,TNNI3,DNAAF3,,STRC,,ACTG1,TRIM32,NUBPL,CEP250,GNE,,RPGRIP1L
TINF2,,TNNT2,DNAAF4,,SYNE4,,ADGRG1,TRIP4,OPA1,CEP290,IVD,,SDCCAG8
TMEM127,,TOR1AIP1,DNAAF5,,TBC1D24,,AHI1,TTN,OPA3,CEP41,TMEM216,,SEC61A1
TP53,,TPM1,DNAH1,,TBX1,,AKT3,UBA1,OTC,CEP78,LAMA3,,TMEM67
TRIM37,,TRDN,DNAH11,,TCOF1,,AMPD2,VCP,PARS2,CEP83,LAMB3,,TSC1
TSC1,,TRPM4,DNAH5,,TECTA,,ARFGEF2,VRK1,PC,CERKL,LAMC2,,TSC2
TSC2,,TTN,DNAH8,,TFAP2A,,ARL13B,AGRN,PCCA,CFAP57,GALC,,TTC21B
TSHR,,TTR,DNAI1,,TIMM8A,,ASPM,ALG14,PCCB,CHD3,LAMA2,,UMOD
UROD,,TXNRD2,DNAI2,,TJP2,,ATP6V0A2,ALG2,PDHA1,CHD7,CEP290,,VHL
VHL,,VCL,DNAL1,,TMC1,,B3GALNT2,CHAT,PDHB,CHM,RDH12,,WDR19
WRN,,ACVRL1,DRC1,,TMIE,,B4GAT1,CHRNA1,PDHX,CHMP4B,RPE65,,ZNF423
WT1,,BMPR2,DYNC2H1,,TMPRSS3,,B9D1,CHRNB1,PDP1,CHN1,LCA5,,ANLN
XPA,,CAV1,EVC,,TNC,,B9D2,CHRND,PDSS1,CHRDL1,CRB1,,ARHGAP24
XPC,,EIF2AK4,EVC2,,TPRN,,C5orf42,CHRNE,PDSS2,CHST14,LRPPRC,,ARHGDIA
XRCC3,,ENG,GAS8,,TRIOBP,,CC2D2A,COLQ,PET100,CHST6,GLE1,,CD2AP
,,GDF2,GLIS2,,TSPEAR,,CCND2,DPAGT1,PNPT1,CHSY1,EIF2B5,,COL4A3
,,KCNK3,IFT122,,USH1C,,CEP104,GFPT1,POLG,CIB2,CAPN3,,COL4A4
,,SMAD9,IFT140,,USH1G,,CEP120,LRP4,POLG2,CISD2,SGCG,,COL4A5
,,ACTA2,IFT172,,USH2A,,CEP290,MUSK,PRKAG2,CKAP4,SGCA,,COL4A6
,,ADAMTS2,IFT80,,WFS1,,CEP41,RAPSN,PUS1,CLCN7,SGCB,,COQ2
,,ALDH18A1,INPP5E,,WHRN,,CHMP1A,,QARS,CLDN19,STAR,,COQ6
,,ATP6V0A2,INVS,,,,CIT,,RARS,CLN3,LPL,,COQ8B
,,ATP6V1E1,IQCB1,,,,CSPP1,,RARS2,CLN5,HADHA,,CUBN
,,ATP7A,KIAA0586,,,,CUL4B,,RMND1,CLN6,SLC7A7,,DGKE
,,B3GALT6,KIF7,,,,DCHS1,,RNASEH1,CLN8,LIPA,,EMP2
,,B3GAT3,LRRC6,,,,DCX,,RRM2B,CLPB,CIITA,,FAT1
,,B4GALT7,MCIDAS,,,,DYNC1H1,,SARS2,CLRN1,BCKDHA,,INF2
,,BGN,MKKS,,,,EXOSC3,,SCO1,CLUAP1,BCKDHB,,ITGA3
,,CBS,MKS1,,,,FAT4,,SCO2,CNBP,DBT,,ITGB4
,,CHST14,MRE11,,,,FKRP,,SDHA,CNGA1,ACADM,,KANK1
,,COL11A1,NEK1,,,,FKTN,,SDHAF1,CNGA3,MLC1,,KANK2
,,COL11A2,NEK8,,,,GMPPB,,SERAC1,CNGB1,ATP7A,,KANK4
,,COL12A1,NME8,,,,GPSM2,,SFXN4,CNGB3,ARSA,,LAGE3
,,COL1A1,NPHP1,,,,IFT172,,SLC19A2,CNNM4,MMAA,,LAMA5
,,COL1A2,NPHP3,,,,INPP5E,,SLC19A3,COL11A1,MMAB,,LAMB2
,,COL2A1,NPHP4,,,,ISPD,,SLC22A5,COL11A2,MUT,,LMX1B
,,COL3A1,OFD1,,,,KATNB1,,SLC25A26,COL17A1,MMACHC,,MAGI2
,,COL5A1,PDE6D,,,,KIAA0586,,SLC25A3,COL18A1,MMADHC,,MYO1E
,,COL5A2,PKD2,,,,KIF1BP,,SLC25A38,COL1A1,VSX2,,NPHS1
,,COL9A1,PKHD1,,,,KIF2A,,SLC25A4,COL1A2,NDUFAF5,,NPHS2
,,COL9A2,RPGR,,,,KIF5C,,SLC25A46,COL2A1,NDUFS6,,NUP107
,,COL9A3,RPGRIP1L,,,,KIF7,,SPAST,COL4A1,MPV17,,NUP205
,,DSE,RSPH1,,,,LAMB1,,SPG7,COL4A3,PUS1,,NUP93
,,EFEMP2,RSPH3,,,,LAMC3,,SUCLA2,COL4A4,TYMP,,OSGEP
,,ELN,RSPH4A,,,,LARGE1,,SUCLG1,COL4A5,MKS1,,PDSS2
,,FBLN5,RSPH9,,,,MKS1,,SURF1,COL5A1,GNPTAB,,PLCE1
,,FBN1,SDCCAG8,,,,NDE1,,TACO1,COL5A2,GNPTG,,PTPRO
,,FBN2,SPAG1,,,,NEDD4L,,TARS2,COL8A2,MCOLN1,,SCARB2
,,FKBP14,TCTN1,,,,NPHP1,,TAZ,COL9A1,IDUA,,SGPL1
,,FLNA,TCTN2,,,,NPHP3,,TFAM,COL9A2,IDS,,SMARCAL1
,,LOX,TCTN3,,,,OCLN,,TIMM8A,COL9A3,SGSH,,TP53RK
,,LTBP4,TMEM138,,,,OFD1,,TK2,COLEC11,NAGLU,,TPRKB
,,MAT2A,TMEM216,,,,OPHN1,,TMEM126A,COX14,HGSNAT,,TRPC6
,,MED12,TMEM231,,,,PAFAH1B1,,TMEM126B,COX6B1,GNS,,WDR73
,,MFAP5,TMEM237,,,,PIK3CA,,TMEM70,COX7B,GLB1,,WT1
,,MYH11,TMEM67,,,,PIK3R2,,TPK1,CP,HYAL1,,XPO5
,,MYLK,TRIM32,,,,POMGNT1,,TRIT1,CPAMD8,ARSB,,CFTR
,,NOTCH1,TTC21B,,,,POMGNT2,,TRMT10C,CRB1,SUMF1,,ADCY10
,,PLOD1,TTC8,,,,POMK,,TRMU,CREBBP,NAGS,,AGXT
,,PRDM5,WDPCP,,,,POMT1,,TRNT1,CRELD1,NEB,,ALPL
,,PRKG1,WDR19,,,,POMT2,,TSFM,CRIPT,AQP2,,APRT
,,PYCR1,WDR34,,,,PQBP1,,TTC19,CRTAP,NPHS1,,ATP6V0A4
,,RIN2,WDR35,,,,RAB18,,TUFM,CRX,NPHS2,,ATP6V1B1
,,SKI,WDR60,,,,RAB3GAP1,,TWNK,CSPP1,TPP1,,CA2
,,SLC2A10,XPNPEP3,,,,RAB3GAP2,,TYMP,CTC1,CLN3,,CASR
,,SLC39A13,ZMYND10,,,,RARS2,,UQCC2,CTCF,CLN5,,CLCN5
,,SMAD2,ZNF423,,,,RELN,,UQCC3,CTDP1,CLN6,,CLDN16
,,SMAD3,,,,,RPGRIP1L,,UQCRB,CTNNA1,MFSD8,,CLDN19
,,SMAD4,,,,,RTTN,,UQCRC2,CTNS,PPT1,,CYP24A1
,,TGFB2,,,,,SEPSECS,,UQCRQ,CTSA,CLN8,,FAM20A
,,TGFBR1,,,,,SRD5A3,,VARS2,CTSD,SMPD1,,GPHN
,,TGFBR2,,,,,SRPX2,,WDR45,CTSF,NPC1,,GRHPR
,,TNXB,,,,,TBC1D20,,WFS1,CWC27,NPC2,,HOGA1
,,ZNF469,,,,,TCTN1,,YARS2,CYP1B1,NBN,,HPRT1
,,ABCA1,,,,,TCTN2,,,CYP27A1,OAT,,KCNJ1
,,ABCG5,,,,,TCTN3,,,CYP4V2,OTC,,MOCOS
,,ABCG8,,,,,TMEM138,,,DAG1,TCIRG1,,MOCS1
,,ANGPTL3,,,,,TMEM216,,,DBH,SLC26A4,,OCRL
,,APOA1,,,,,TMEM231,,,DCDC1,ACOX1,,PREPL
,,APOA5,,,,,TMEM237,,,DCN,PAH,,SLC12A1
,,APOB,,,,,TMEM5,,,DDB2,PHGDH,,SLC22A12
,,APOC2,,,,,TMEM67,,,DDX11,PKHD1,,SLC26A1
,,APOC3,,,,,TSEN15,,,DDX58,ADGRG1,,SLC2A9
,,APOE,,,,,TSEN2,,,DFNB31,POMGNT1,,SLC34A1
,,CETP,,,,,TSEN34,,,DHCR7,RARS2,,SLC34A3
,,CYP27A1,,,,,TSEN54,,,DHDDS,SEPSECS,,SLC3A1
,,CYP7A1,,,,,TTC21B,,,DHODH,VRK1,,SLC4A1
,,GCKR,,,,,TUBA1A,,,DHX38,MED17,,SLC7A9
,,GPD1,,,,,TUBA8,,,DIAPH1,SLC22A5,,SLC9A3R1
,,GPIHBP1,,,,,TUBB,,,DMD,DNAH5,,VDR
,,LCAT,,,,,TUBB2A,,,DNAAF1,DNAI1,,XDH
,,LDLR,,,,,TUBB2B,,,DNAAF2,DNAI2,,
,,LDLRAP1,,,,,TUBB3,,,DNAAF3,AGXT,,
,,LIPA,,,,,TUBB4A,,,DNAAF5,GRHPR,,
,,LIPC,,,,,TUBG1,,,DNAH10,HOGA1,,
,,LMF1,,,,,VLDLR,,,DNAH11,ABCB11,,
,,LPL,,,,,VPS53,,,DNAH5,PCCA,,
,,MTTP,,,,,VRK1,,,DNAH9,PCCB,,
,,PCSK9,,,,,WDR62,,,DNAI1,PRPS1,,
,,SAR1B,,,,,APP,,,DNAI2,CTSK,,
,,SCARB1,,,,,DCTN1,,,DNAJC17,PC,,
,,STAP1,,,,,GRN,,,DNAJC19,PDHA1,,
,,,,,,,MAPT,,,DNAJC5,PDHB,,
,,,,,,,PRNP,,,DNAL1,ATP6V1B1,,
,,,,,,,PSEN1,,,DNM2,EYS,,
,,,,,,,PSEN2,,,DOCK6,CERKL,,
,,,,,,,SQSTM1,,,DPAGT1,FAM161A,,
,,,,,,,TARDBP,,,DPM1,PEX7,,
,,,,,,,TREM2,,,DRAM2,AGPS,,
,,,,,,,TYROBP,,,DSE,ESCO2,,
,,,,,,,AAAS,,,DTHD1,RPGRIP1L,,
,,,,,,,AARS,,,DTNBP1,RTEL1,,
,,,,,,,AARS2,,,DYNC2H1,HEXB,,
,,,,,,,AASS,,,EBP,SMARCAL1,,
,,,,,,,ABCA1,,,EDN3,DCLRE1C,,
,,,,,,,ABCB7,,,EDNRA,RAG2,,
,,,,,,,ABCC6,,,EFEMP1,VPS45,,
,,,,,,,ABCC8,,,EIF4G1,SLC17A5,,
,,,,,,,ABCD1,,,ELOVL4,ALDH3A2,,
,,,,,,,ABHD12,,,ELP4,SLC26A2,,
,,,,,,,ABHD5,,,EMC1,SLC35A3,,
,,,,,,,ACAT2,,,EPG5,DHCR7,,
,,,,,,,ACBD6,,,EPHA2,ZFYVE26,,
,,,,,,,ACD,,,ERCC1,TECPR2,,
,,,,,,,ACO2,,,ERCC2,SMN1,,
,,,,,,,ACOX1,,,ERCC3,MESP2,,
,,,,,,,ACP5,,,ERCC4,COL27A1,,
,,,,,,,ADAR,,,ERCC5,LIFR,,
,,,,,,,ADCK3,,,ERCC6,HEXA,,
,,,,,,,ADCY5,,,ERCC8,PTS,,
,,,,,,,ADCY6,,,ESCO2,TRMU,,
,,,,,,,ADD3,,,EVC,TH,,
,,,,,,,AFF2,,,EVC2,FAH,,
,,,,,,,AFG3L2,,,EXOSC2,TAT,,
,,,,,,,AGA,,,EXOSC8,MYO7A,,
,,,,,,,AGRN,,,EYA1,USH1C,,
,,,,,,,AHDC1,,,EYS,CDH23,,
,,,,,,,AIFM1,,,FAM111A,PCDH15,,
,,,,,,,AIMP1,,,FAM126A,USH2A,,
,,,,,,,AIP,,,FAM161A,CLRN1,,
,,,,,,,AIPL1,,,FANCA,ACADVL,,
,,,,,,,ALAD,,,FANCB,FKRP,,
,,,,,,,ALDH18A1,,,FANCC,FKTN,,
,,,,,,,ALDH3A2,,,FANCD2,ATP7B,,
,,,,,,,ALG6,,,FANCE,WNT10A,,
,,,,,,,ALK,,,FANCF,ABCD1,,
,,,,,,,ALS2,,,FANCG,SLC6A8,,
,,,,,,,AMACR,,,FANCI,RS1,,
,,,,,,,ANG,,,FANCL,MTM1,,
,,,,,,,ANK3,,,FANCM,IL2RG,,
,,,,,,,ANKLE2,,,FAR1,XPA,,
,,,,,,,ANKRD11,,,FASTKD2,XPC,,
,,,,,,,ANO10,,,FBLN5,PEX1,,
,,,,,,,ANO3,,,FBN2,PEX10,,
,,,,,,,ANOS1,,,FBXL4,PEX12,,
,,,,,,,AP1S2,,,FIBP,PEX2,,
,,,,,,,AP4B1,,,FKBP14,PEX6,,
,,,,,,,AP4E1,,,FKRP,MCCC1,,
,,,,,,,AP4M1,,,FKTN,MCCC2,,
,,,,,,,AP4S1,,,FLNB,HBA1 and HBA2,,
,,,,,,,AP5Z1,,,FLVCR1,GP1BA,,
,,,,,,,APC,,,FOXC1,GP9,,
,,,,,,,APOA1,,,FOXC2,GPR56,,
,,,,,,,APOB,,,FOXD1,BTD,,
,,,,,,,APOPT1,,,FOXE3,CYP21A2,,
,,,,,,,APTX,,,FOXF2,F11,,
,,,,,,,ARG1,,,FOXH1,MEFV,,
,,,,,,,ARHGAP31,,,FOXL2,HFE2,,
,,,,,,,ARID1B,,,FOXRED1,,,
,,,,,,,ARL6,,,FRAS1,,,
,,,,,,,ARL6IP1,,,FREM1,,,
,,,,,,,ARNT2,,,FREM2,,,
,,,,,,,ARSA,,,FRMD7,,,
,,,,,,,ARSI,,,FSCN2,,,
,,,,,,,ASL,,,FTL,,,
,,,,,,,ASS1,,,FXN,,,
,,,,,,,ATCAY,,,FYCO1,,,
,,,,,,,ATG5,,,FZD4,,,
,,,,,,,ATL1,,,GALE,,,
,,,,,,,ATM,,,GALK1,,,
,,,,,,,ATP13A2,,,GALNS,,,
,,,,,,,ATP2B3,,,GALT,,,
,,,,,,,ATP2B4,,,GBA,,,
,,,,,,,ATP5A1,,,GBA2,,,
,,,,,,,ATP5E,,,GCNT2,,,
,,,,,,,ATP7A,,,GCSH,,,
,,,,,,,ATP7B,,,GDF1,,,
,,,,,,,ATP8A2,,,GDF3,,,
,,,,,,,ATPAF1,,,GDF6,,,
,,,,,,,ATPAF2,,,GFER,,,
,,,,,,,AUH,,,GJA1,,,
,,,,,,,B3GALT6,,,GJA8,,,
,,,,,,,B4GALNT1,,,GJB2,,,
,,,,,,,BBIP1,,,GJB6,,,
,,,,,,,BBS1,,,GJE1,,,
,,,,,,,BBS10,,,GLB1,,,
,,,,,,,BBS12,,,GLDC,,,
,,,,,,,BBS2,,,GLIS2,,,
,,,,,,,BBS4,,,GLIS3,,,
,,,,,,,BBS5,,,GM2A,,,
,,,,,,,BBS7,,,GMPPA,,,
,,,,,,,BBS9,,,GMPPB,,,
,,,,,,,BCAP31,,,GNAT1,,,
,,,,,,,BCKDHA,,,GNAT2,,,
,,,,,,,BCKDHB,,,GNB1,,,
,,,,,,,BCOR,,,GNB3,,,
,,,,,,,BCS1L,,,GNPAT,,,
,,,,,,,BICD2,,,GNPTG,,,
,,,,,,,BSCL2,,,GNS,,,
,,,,,,,BTD,,,GPC3,,,
,,,,,,,BTK,,,GPHN,,,
,,,,,,,C10orf2,,,GPR125,,,
,,,,,,,C12ORF65,,,GPR143,,,
,,,,,,,C19orf12,,,GPR179,,,
,,,,,,,CA8,,,GRIP1,,,
,,,,,,,CACNA1B,,,GRK1,,,
,,,,,,,CACNA1D,,,GRM6,,,
,,,,,,,CACNA1G,,,GRN,,,
,,,,,,,CACNB4,,,GSN,,,
,,,,,,,CACNG2,,,GSS,,,
,,,,,,,CAMTA1,,,GTF2H5,,,
,,,,,,,CAPN1,,,GUCA1A,,,
,,,,,,,CARS2,,,GUCA1B,,,
,,,,,,,CAV1,,,GUCY2D,,,
,,,,,,,CBS,,,GUSB,,,
,,,,,,,CC2D1A,,,HADHA,,,
,,,,,,,CCDC88C,,,HADHB,,,
,,,,,,,CCT5,,,HARS,,,
,,,,,,,CDH15,,,HCCS,,,
,,,,,,,CDK5RAP2,,,HCN1,,,
,,,,,,,CDK6,,,HDAC6,,,
,,,,,,,CECR1,,,HESX1,,,
,,,,,,,CENPJ,,,HEXA,,,
,,,,,,,CEP135,,,HEXB,,,
,,,,,,,CEP152,,,HGSNAT,,,
,,,,,,,CEP63,,,HK1,,,
,,,,,,,CHAMP1,,,HLCS,,,
,,,,,,,CHAT,,,HMCN1,,,
,,,,,,,CHCHD10,,,HMGB3,,,
,,,,,,,CHD7,,,HMX1,,,
,,,,,,,CHL1,,,HNRNPDL,,,
,,,,,,,CHMP2B,,,HOXB1,,,
,,,,,,,CISD2,,,HPS1,,,
,,,,,,,CIZ1,,,HPS3,,,
,,,,,,,CKAP2L,,,HPS4,,,
,,,,,,,CLCN2,,,HPS5,,,
,,,,,,,CLIC2,,,HPS6,,,
,,,,,,,CLIP1,,,HSF4,,,
,,,,,,,CLK2,,,HYLS1,,,
,,,,,,,CLMP,,,IARS2,,,
,,,,,,,CLP1,,,IBA57,,,
,,,,,,,CLPB,,,IDH3B,,,
,,,,,,,CLPP,,,IDUA,,,
,,,,,,,CLRN1,,,IFIH1,,,
,,,,,,,CNTN4,,,IFT122,,,
,,,,,,,CNTNAP1,,,IFT140,,,
,,,,,,,COA3,,,IFT172,,,
,,,,,,,COASY,,,IFT27,,,
,,,,,,,COG4,,,IFT43,,,
,,,,,,,COG5,,,IFT52,,,
,,,,,,,COL18A1,,,IFT74,,,
,,,,,,,COL4A1,,,IFT80,,,
,,,,,,,COL4A2,,,IFT81,,,
,,,,,,,COL6A3,,,IFT88,,,
,,,,,,,COQ2,,,IGBP1,,,
,,,,,,,COX10,,,IGFBP7,,,
,,,,,,,COX14,,,IMPDH1,,,
,,,,,,,COX15,,,IMPG1,,,
,,,,,,,COX20,,,IMPG2,,,
,,,,,,,COX6B1,,,INPP5E,,,
,,,,,,,CP,,,INVS,,,
,,,,,,,CPS1,,,IQCB1,,,
,,,,,,,CPT1A,,,IRX1,,,
,,,,,,,CPT1C,,,ISCA2,,,
,,,,,,,CRADD,,,ISPD,,,
,,,,,,,CRB1,,,ITM2B,,,
,,,,,,,CRBN,,,ITPR1,,,
,,,,,,,CREBBP,,,JAG1,,,
,,,,,,,CRX,,,JAM3,,,
,,,,,,,CSF1R,,,KAT6B,,,
,,,,,,,CTBP1,,,KCNJ13,,,
,,,,,,,CTC1,,,KCNJ3,,,
,,,,,,,CTDP1,,,KCNV2,,,
,,,,,,,CTLA4,,,KCTD7,,,
,,,,,,,CTNND2,,,KDM6A,,,
,,,,,,,CWF19L1,,,KERA,,,
,,,,,,,CYC1,,,KIAA0586,,,
,,,,,,,CYP27A1,,,KIAA1549,,,
,,,,,,,CYP2U1,,,KIDINS220,,,
,,,,,,,CYP7B1,,,KIF11,,,
,,,,,,,DAG1,,,KIF5A,,,
,,,,,,,DAO,,,KIF7,,,
,,,,,,,DARS,,,KIZ,,,
,,,,,,,DARS2,,,KLHL7,,,
,,,,,,,DBT,,,KMT2D,,,
,,,,,,,DCAF17,,,KRT12,,,
,,,,,,,DDC,,,KRT2,,,
,,,,,,,DDHD1,,,KRT3,,,
,,,,,,,DDHD2,,,LAMA1,,,
,,,,,,,DEAF1,,,LAMB1,,,
,,,,,,,DHCR24,,,LAMB2,,,
,,,,,,,DHFR,,,LARGE1,,,
,,,,,,,DKC1,,,LCA5,,,
,,,,,,,DLAT,,,LCT,,,
,,,,,,,DLD,,,LEFTY2,,,
,,,,,,,DLGAP4,,,LEMD2,,,
,,,,,,,DLL4,,,LHX2,,,
,,,,,,,DMXL2,,,LIM2,,,
,,,,,,,DNAJC13,,,LMX1B,,,
,,,,,,,DNAJC19,,,LONP1,,,
,,,,,,,DNAJC3,,,LOXHD1,,,
,,,,,,,DNAJC6,,,LOXL1,,,
,,,,,,,DNASE1L3,,,LRAT,,,
,,,,,,,DNM1L,,,LRIT3,,,
,,,,,,,DNM2,,,LRP2,,,
,,,,,,,DNMT1,,,LRP5,,,
,,,,,,,DOCK6,,,LRPAP1,,,
,,,,,,,DOCK8,,,LRRC6,,,
,,,,,,,DPM1,,,LSS,,,
,,,,,,,DPYD,,,LTBP2,,,
,,,,,,,DPYS,,,LTBP3,,,
,,,,,,,DRD2,,,LYST,,,
,,,,,,,DUSP6,,,LZTFL1,,,
,,,,,,,DYSF,,,MAB21L2,,,
,,,,,,,EARS2,,,MAF,,,
,,,,,,,EBF3,,,MAK,,,
,,,,,,,ECHS1,,,MAN2B1,,,
,,,,,,,EDC3,,,MAP3K7,,,
,,,,,,,EDN3,,,MAPKAPK3,,,
,,,,,,,EDNRB,,,MBD5,,,
,,,,,,,EEF2,,,MBTPS2,,,
,,,,,,,EGR2,,,MCEE,,,
,,,,,,,EIF2B1,,,MCOLN1,,,
,,,,,,,EIF2B2,,,MECR,,,
,,,,,,,EIF2B3,,,MED25,,,
,,,,,,,EIF2B4,,,MERTK,,,
,,,,,,,EIF2B5,,,MFF,,,
,,,,,,,EIF4G1,,,MFN2,,,
,,,,,,,ELOVL4,,,MFRP,,,
,,,,,,,ELOVL5,,,MFSD8,,,
,,,,,,,EML1,,,MICALCL,,,
,,,,,,,EMX2,,,MIP,,,
,,,,,,,ENPP1,,,MIPEP,,,
,,,,,,,ENTPD1,,,MKKS,,,
,,,,,,,EOGT,,,MKS1,,,
,,,,,,,EPB41L1,,,MLPH,,,
,,,,,,,EPB41L4A,,,MMAA,,,
,,,,,,,ERBB4,,,MMAB,,,
,,,,,,,ERCC1,,,MMACHC,,,
,,,,,,,ERCC2,,,MMADHC,,,
,,,,,,,ERCC3,,,MMP1,,,
,,,,,,,ERCC4,,,MMP19,,,
,,,,,,,ERCC5,,,MOCS1,,,
,,,,,,,ERCC6,,,MPDU1,,,
,,,,,,,ERCC8,,,MPLKIP,,,
,,,,,,,ERLIN1,,,MRE11,,,
,,,,,,,ERLIN2,,,MSMO1,,,
,,,,,,,ETHE1,,,MTTP,,,
,,,,,,,EXOSC8,,,MUT,,,
,,,,,,,EXT2,,,MVK,,,
,,,,,,,EZH2,,,MYH9,,,
,,,,,,,FA2H,,,MYO5A,,,
,,,,,,,FAAH,,,MYO7A,,,
,,,,,,,FAM134B,,,MYOC,,,
,,,,,,,FAR1,,,NAA10,,,
,,,,,,,FARS2,,,NBAS,,,
,,,,,,,FASTKD2,,,NDP,,,
,,,,,,,FBXL4,,,NDUFA1,,,
,,,,,,,FBXO31,,,NDUFA10,,,
,,,,,,,FBXO7,,,NDUFA11,,,
,,,,,,,FEZF1,,,NDUFA12,,,
,,,,,,,FGD4,,,NDUFA2,,,
,,,,,,,FGF14,,,NDUFA9,,,
,,,,,,,FGF17,,,NDUFAF1,,,
,,,,,,,FGF8,,,NDUFAF2,,,
,,,,,,,FGFR1,,,NDUFAF3,,,
,,,,,,,FIG4,,,NDUFAF4,,,
,,,,,,,FLRT1,,,NDUFAF5,,,
,,,,,,,FLRT3,,,NDUFAF6,,,
,,,,,,,FLVCR1,,,NDUFB3,,,
,,,,,,,FMN2,,,NDUFS1,,,
,,,,,,,FOXP1,,,NDUFS2,,,
,,,,,,,FOXP3,,,NDUFS3,,,
,,,,,,,FOXRED1,,,NDUFS4,,,
,,,,,,,FTL,,,NDUFS6,,,
,,,,,,,FUCA1,,,NDUFS7,,,
,,,,,,,FUS,,,NDUFS8,,,
,,,,,,,FUZ,,,NDUFV1,,,
,,,,,,,FXN,,,NDUFV2,,,
,,,,,,,GABRD,,,NEK1,,,
,,,,,,,GAD1,,,NEK2,,,
,,,,,,,GALC,,,NEK4,,,
,,,,,,,GAN,,,NEK8,,,
,,,,,,,GATAD2B,,,NEU1,,,
,,,,,,,GBA,,,NEUROD1,,,
,,,,,,,GBA2,,,NF1,,,
,,,,,,,GBE1,,,NHS,,,
,,,,,,,GCDH,,,NKX2-5,,,
,,,,,,,GCH1,,,NLRP1,,,
,,,,,,,GDF3,,,NME8,,,
,,,,,,,GDF6,,,NMNAT1,,,
,,,,,,,GEMIN4,,,NOD2,,,
,,,,,,,GEMIN5,,,NODAL,,,
,,,,,,,GFAP,,,NOTCH2,,,
,,,,,,,GFM1,,,NPC1,,,
,,,,,,,GIGYF2,,,NPHP1,,,
,,,,,,,GJA1,,,NPHP3,,,
,,,,,,,GJB1,,,NPHP4,,,
,,,,,,,GJB2,,,NR2E3,,,
,,,,,,,GJB6,,,NR2F1,,,
,,,,,,,GJC2,,,NRL,,,
,,,,,,,GLB1,,,NSD1,,,
,,,,,,,GLI2,,,NT5C2,,,
,,,,,,,GLRA1,,,NTF4,,,
,,,,,,,GLRX5,,,NUB1,,,
,,,,,,,GLYCTK,,,NUS1,,,
,,,,,,,GMPPA,,,NXNL1,,,
,,,,,,,GNAL,,,NYX,,,
,,,,,,,GNAQ,,,OAT,,,
,,,,,,,GNRH1,,,OCA2,,,
,,,,,,,GNRHR,,,OCRL,,,
,,,,,,,GPI,,,OFD1,,,
,,,,,,,GPR101,,,OPA1,,,
,,,,,,,GPR88,,,OPA3,,,
,,,,,,,GRID2,,,OPN1LW,,,
,,,,,,,GRIK2,,,OPN1SW,,,
,,,,,,,GRM1,,,OPTN,,,
,,,,,,,GSS,,,OSMR,,,
,,,,,,,GUCY2D,,,OSTM1,,,
,,,,,,,HACE1,,,OTX2,,,
,,,,,,,HARS,,,OVOL2,,,
,,,,,,,HARS2,,,P3H2,,,
,,,,,,,HCFC1,,,P4HA2,,,
,,,,,,,HCN1,,,PANK2,,,
,,,,,,,HDAC8,,,PAX2,,,
,,,,,,,HEPACAM,,,PAX3,,,
,,,,,,,HESX1,,,PAX6,,,
,,,,,,,HEXA,,,PCDH15,,,
,,,,,,,HEXB,,,PCNA,,,
,,,,,,,HFE,,,PCYT1A,,,
,,,,,,,HGSNAT,,,PDE6A,,,
,,,,,,,HIBCH,,,PDE6B,,,
,,,,,,,HIC1,,,PDE6C,,,
,,,,,,,HK1,,,PDE6D,,,
,,,,,,,HLA-DPB1,,,PDE6G,,,
,,,,,,,HMBS,,,PDE6H,,,
,,,,,,,HMGCS2,,,PDZD7,,,
,,,,,,,HNRNPA1,,,PET100,,,
,,,,,,,HNRNPA2B1,,,PEX1,,,
,,,,,,,HPCA,,,PEX10,,,
,,,,,,,HPGD,,,PEX11B,,,
,,,,,,,HPRT1,,,PEX12,,,
,,,,,,,HS6ST1,,,PEX13,,,
,,,,,,,HSD17B10,,,PEX14,,,
,,,,,,,HSD17B4,,,PEX16,,,
,,,,,,,HSPD1,,,PEX19,,,
,,,,,,,HSPG2,,,PEX2,,,
,,,,,,,HTRA2,,,PEX26,,,
,,,,,,,IBA57,,,PEX3,,,
,,,,,,,IDH2,,,PEX5,,,
,,,,,,,IDUA,,,PEX6,,,
,,,,,,,IFIH1,,,PEX7,,,
,,,,,,,IFRD1,,,PFKM,,,
,,,,,,,IFT140,,,PGK1,,,
,,,,,,,IFT27,,,PHGDH,,,
,,,,,,,IL10,,,PHYH,,,
,,,,,,,IL12A,,,PIEZO2,,,
,,,,,,,IL17RD,,,PIGL,,,
,,,,,,,IL23R,,,PIGT,,,
,,,,,,,IL6,,,PIGY,,,
,,,,,,,IMPDH1,,,PIK3R1,,,
,,,,,,,IQCB1,,,PIKFYVE,,,
,,,,,,,ISCA2,,,PITPNM3,,,
,,,,,,,ITM2B,,,PITX2,,,
,,,,,,,ITPR1,,,PITX3,,,
,,,,,,,JAM3,,,PLA2G5,,,
,,,,,,,KANK1,,,PLG,,,
,,,,,,,KAT6A,,,PLK4,,,
,,,,,,,KCNA1,,,PLOD1,,,
,,,,,,,KCNAB2,,,PLOD3,,,
,,,,,,,KCNB2,,,PLP1,,,
,,,,,,,KCNC3,,,PMM2,,,
,,,,,,,KCND3,,,PNPLA6,,,
,,,,,,,KCNJ13,,,POC1B,,,
,,,,,,,KCNJ6,,,POGZ,,,
,,,,,,,KCTD17,,,POLA1,,,
,,,,,,,KDM5C,,,POMGNT1,,,
,,,,,,,KIAA0196,,,POMGNT2,,,
,,,,,,,KIAA0226,,,POMK,,,
,,,,,,,KIF1A,,,POMT1,,,
,,,,,,,KIF1C,,,PORCN,,,
,,,,,,,KIF5A,,,PPT1,,,
,,,,,,,KIRREL3,,,PQBP1,,,
,,,,,,,KISS1,,,PRCD,,,
,,,,,,,KISS1R,,,PRDM13,,,
,,,,,,,KLC2,,,PRDM5,,,
,,,,,,,KLC4,,,PRIMPOL,,,
,,,,,,,L1CAM,,,PRKACA,,,
,,,,,,,L2HGDH,,,PRKCG,,,
,,,,,,,LAMA1,,,PROM1,,,
,,,,,,,LAMB2,,,PRPF3,,,
,,,,,,,LARS,,,PRPF31,,,
,,,,,,,LARS2,,,PRPF4,,,
,,,,,,,LCA5,,,PRPF6,,,
,,,,,,,LDLR,,,PRPF8,,,
,,,,,,,LHX4,,,PRPH2,,,
,,,,,,,LIAS,,,PRPS1,,,
,,,,,,,LIPT1,,,PRSS56,,,
,,,,,,,LMBRD1,,,PTCH1,,,
,,,,,,,LMNB1,,,PTF1A,,,
,,,,,,,LMNB2,,,PTPN11,,,
,,,,,,,LRAT,,,PVRL3,,,
,,,,,,,LRPPRC,,,PXDN,,,
,,,,,,,LRRK2,,,RAB18,,,
,,,,,,,LRSAM1,,,RAB27A,,,
,,,,,,,LYRM7,,,RAB28,,,
,,,,,,,LZTFL1,,,RAB3GAP1,,,
,,,,,,,MAG,,,RAB3GAP2,,,
,,,,,,,MAN1B1,,,RAD50,,,
,,,,,,,MAN2B1,,,RAI1,,,
,,,,,,,MARS,,,RARB,,,
,,,,,,,MARS2,,,RAX,,,
,,,,,,,MAT1A,,,RAX2,,,
,,,,,,,MATR3,,,RBP3,,,
,,,,,,,MCOLN1,,,RBP4,,,
,,,,,,,MCPH1,,,RCBTB1,,,
,,,,,,,MED13L,,,RD3,,,
,,,,,,,MED17,,,RDH11,,,
,,,,,,,MED23,,,RDH12,,,
,,,,,,,MED25,,,RDH5,,,
,,,,,,,MEFV,,,RECQL4,,,
,,,,,,,MEOX1,,,REEP6,,,
,,,,,,,METTL23,,,RERE,,,
,,,,,,,MFN2,,,RGR,,,
,,,,,,,MFSD2A,,,RGS9,,,
,,,,,,,MICU1,,,RGS9BP,,,
,,,,,,,MKKS,,,RHO,,,
,,,,,,,MLC1,,,RIMS1,,,
,,,,,,,MLLT3,,,RIPK4,,,
,,,,,,,MMADHC,,,RLBP1,,,
,,,,,,,MOCS1,,,ROM1,,,
,,,,,,,MOCS2,,,RP1,,,
,,,,,,,MPDU1,,,RP1L1,,,
,,,,,,,MPV17,,,RP2,,,
,,,,,,,MPZ,,,RP9,,,
,,,,,,,MR1,,,RPE65,,,
,,,,,,,MRE11A,,,RPGR,,,
,,,,,,,MRPS22,,,RPGRIP1,,,
,,,,,,,MTFMT,,,RPGRIP1L,,,
,,,,,,,MTO1,,,RPS19,,,
,,,,,,,MTPAP,,,RRM2B,,,
,,,,,,,MTTP,,,RS1,,,
,,,,,,,MUT,,,RSPH4A,,,
,,,,,,,MVK,,,RSPH9,,,
,,,,,,,MYCN,,,RSPO1,,,
,,,,,,,MYO5A,,,SACS,,,
,,,,,,,MYT1L,,,SAG,,,
,,,,,,,NAA10,,,SALL2,,,
,,,,,,,NADK2,,,SALL4,,,
,,,,,,,NAGA,,,SAMD9,,,
,,,,,,,NAGLU,,,SBF2,,,
,,,,,,,NAGPA,,,SC5D,,,
,,,,,,,NAT8L,,,SCARF2,,,
,,,,,,,NDRG1,,,SCN8A,,,
,,,,,,,NDST1,,,SCO2,,,
,,,,,,,NDUFA1,,,SDCCAG8,,,
,,,,,,,NDUFA10,,,SDHAF1,,,
,,,,,,,NDUFA11,,,SEC23A,,,
,,,,,,,NDUFA12,,,SEMA3E,,,
,,,,,,,NDUFA13,,,SEMA4A,,,
,,,,,,,NDUFA2,,,SERPINH1,,,
,,,,,,,NDUFA4,,,SH3PXD2B,,,
,,,,,,,NDUFA9,,,SHH,,,
,,,,,,,NDUFAF1,,,SIL1,,,
,,,,,,,NDUFAF2,,,SIPA1L3,,,
,,,,,,,NDUFAF3,,,SIX3,,,
,,,,,,,NDUFAF4,,,SIX5,,,
,,,,,,,NDUFAF5,,,SIX6,,,
,,,,,,,NDUFAF6,,,SLC16A12,,,
,,,,,,,NDUFB3,,,SLC24A1,,,
,,,,,,,NDUFB9,,,SLC24A5,,,
,,,,,,,NDUFS1,,,SLC25A1,,,
,,,,,,,NDUFS2,,,SLC25A46,,,
,,,,,,,NDUFS3,,,SLC2A1,,,
,,,,,,,NDUFS4,,,SLC33A1,,,
,,,,,,,NDUFS6,,,SLC38A8,,,
,,,,,,,NDUFS7,,,SLC39A5,,,
,,,,,,,NDUFS8,,,SLC45A2,,,
,,,,,,,NDUFV1,,,SLC4A11,,,
,,,,,,,NDUFV2,,,SLC4A4,,,
,,,,,,,NECAP1,,,SLC4A5,,,
,,,,,,,NEFH,,,SLC4A7,,,
,,,,,,,NEFL,,,SLC52A2,,,
,,,,,,,NFU1,,,SLC52A3,,,
,,,,,,,NHP2,,,SLC7A14,,,
,,,,,,,NIPA1,,,SLITRK6,,,
,,,,,,,NKAIN2,,,SLX4,,,
,,,,,,,NKX2-1,,,SMCHD1,,,
,,,,,,,NKX6-2,,,SMG9,,,
,,,,,,,NME1,,,SMOC1,,,
,,,,,,,NMNAT1,,,SMPD1,,,
,,,,,,,NOD2,,,SNAI2,,,
,,,,,,,NOP10,,,SNRNP200,,,
,,,,,,,NOTCH1,,,SNX10,,,
,,,,,,,NOTCH3,,,SNX3,,,
,,,,,,,NPC1,,,SOD1,,,
,,,,,,,NPC2,,,SON,,,
,,,,,,,NRAS,,,SOX2,,,
,,,,,,,NSD1,,,SOX3,,,
,,,,,,,NSMF,,,SPARC,,,
,,,,,,,NSUN2,,,SPATA7,,,
,,,,,,,NT5C2,,,SPINT2,,,
,,,,,,,NTNG1,,,SPP2,,,
,,,,,,,NUBPL,,,SPTBN2,,,
,,,,,,,NUP62,,,SRD5A3,,,
,,,,,,,OPA1,,,SREBF2,,,
,,,,,,,OPA3,,,ST3GAL5,,,
,,,,,,,OPTN,,,STIM1,,,
,,,,,,,OTC,,,STK38L,,,
,,,,,,,OTUD4,,,STN1,,,
,,,,,,,OTX2,,,STRA6,,,
,,,,,,,PACRG,,,STS,,,
,,,,,,,PAFAH1B3,,,STT3B,,,
,,,,,,,PAH,,,SUCLA2,,,
,,,,,,,PAK3,,,SUOX,,,
,,,,,,,PANK2,,,TACSTD2,,,
,,,,,,,PARK2,,,TAT,,,
,,,,,,,PARK7,,,TBC1D20,,,
,,,,,,,PARN,,,TBC1D7,,,
,,,,,,,PAX3,,,TBCE,,,
,,,,,,,PAX6,,,TBL1XR1,,,
,,,,,,,PCCA,,,TCF4,,,
,,,,,,,PCCB,,,TCIRG1,,,
,,,,,,,PCLO,,,TCOF1,,,
,,,,,,,PCNA,,,TCTN1,,,
,,,,,,,PDC,,,TCTN2,,,
,,,,,,,PDE10A,,,TCTN3,,,
,,,,,,,PDE8B,,,TDRD7,,,
,,,,,,,PDGFB,,,TEAD1,,,
,,,,,,,PDGFRB,,,TEK,,,
,,,,,,,PDHA1,,,TENM1,,,
,,,,,,,PDHX,,,TENM3,,,
,,,,,,,PDP1,,,TFAP2A,,,
,,,,,,,PDSS2,,,TGFB1,,,
,,,,,,,PDYN,,,TGFBI,,,
,,,,,,,PET100,,,TIMM8A,,,
,,,,,,,PEX1,,,TIMP3,,,
,,,,,,,PEX10,,,TINF2,,,
,,,,,,,PEX11B,,,TLR3,,,
,,,,,,,PEX12,,,TLR4,,,
,,,,,,,PEX13,,,TMEM107,,,
,,,,,,,PEX14,,,TMEM114,,,
,,,,,,,PEX16,,,TMEM126A,,,
,,,,,,,PEX19,,,TMEM138,,,
,,,,,,,PEX2,,,TMEM216,,,
,,,,,,,PEX26,,,TMEM231,,,
,,,,,,,PEX3,,,TMEM237,,,
,,,,,,,PEX5,,,TMEM5,,,
,,,,,,,PEX6,,,TMEM67,,,
,,,,,,,PEX7,,,TMEM70,,,
,,,,,,,PFN1,,,TMEM98,,,
,,,,,,,PGAP1,,,TMTC3,,,
,,,,,,,PGK1,,,TNFSF11,,,
,,,,,,,PGM3,,,TNPO1,,,
,,,,,,,PHC1,,,TOPORS,,,
,,,,,,,PHGDH,,,TPP1,,,
,,,,,,,PHOX2B,,,TRAF3IP1,,,
,,,,,,,PHYH,,,TREX1,,,
,,,,,,,PIGQ,,,TRIM32,,,
,,,,,,,PIK3R5,,,TRIM37,,,
,,,,,,,PINK1,,,TRIM44,,,
,,,,,,,PLA2G6,,,TRNT1,,,
,,,,,,,PLEKHG2,,,TRPC1,,,
,,,,,,,PLEKHG4,,,TRPM1,,,
,,,,,,,PLP1,,,TRPM2,,,
,,,,,,,PLXND1,,,TSPAN12,,,
,,,,,,,PMM2,,,TTC21B,,,
,,,,,,,PMP22,,,TTC8,,,
,,,,,,,PMPCA,,,TTLL5,,,
,,,,,,,PNKD,,,TTPA,,,
,,,,,,,PNP,,,TTR,,,
,,,,,,,PNPLA6,,,TUB,,,
,,,,,,,PNPLA8,,,TUBA8,,,
,,,,,,,PNPT1,,,TUBB,,,
,,,,,,,POLA1,,,TUBGCP4,,,
,,,,,,,POLG2,,,TUBGCP6,,,
,,,,,,,POLR1C,,,TULP1,,,
,,,,,,,POLR3A,,,TYR,,,
,,,,,,,POLR3B,,,TYRP1,,,
,,,,,,,PON1,,,UBE3B,,,
,,,,,,,PON2,,,UBIAD1,,,
,,,,,,,PON3,,,UBR1,,,
,,,,,,,POU1F1,,,UCHL1,,,
,,,,,,,PPARGC1A,,,UNC119,,,
,,,,,,,PPM1K,,,UNC45B,,,
,,,,,,,PRF1,,,USH1C,,,
,,,,,,,PRICKLE1,,,USH1G,,,
,,,,,,,PRKCG,,,USH2A,,,
,,,,,,,PRKRA,,,USP9X,,,
,,,,,,,PROK2,,,VAX1,,,
,,,,,,,PROKR2,,,VCAN,,,
,,,,,,,PROP1,,,VIM,,,
,,,,,,,PRPH,,,VPS13B,,,
,,,,,,,PRPS1,,,VSX1,,,
,,,,,,,PRSS12,,,VSX2,,,
,,,,,,,PRTN3,,,WAC,,,
,,,,,,,PRX,,,WASF3,,,
,,,,,,,PSAP,,,WDPCP,,,
,,,,,,,PTCH1,,,WDR19,,,
,,,,,,,PTCH2,,,WDR34,,,
,,,,,,,PTCHD1,,,WDR35,,,
,,,,,,,PTPN22,,,WDR36,,,
,,,,,,,PTRH2,,,WFS1,,,
,,,,,,,PTS,,,WRN,,,
,,,,,,,QDPR,,,XPA,,,
,,,,,,,RAB27A,,,XPC,,,
,,,,,,,RAB39B,,,XPNPEP3,,,
,,,,,,,RAD50,,,YAP1,,,
,,,,,,,RASA1,,,YME1L1,,,
,,,,,,,RAX,,,ZEB1,,,
,,,,,,,RBFOX1,,,ZEB2,,,
,,,,,,,RBM10,,,ZIC3,,,
,,,,,,,RBPJ,,,ZNF408,,,
,,,,,,,RD3,,,ZNF423,,,
,,,,,,,RDH12,,,ZNF469,,,
,,,,,,,REEP1,,,ZNF513,,,
,,,,,,,REEP2,,,ZNF592,,,
,,,,,,,REV3L,,,ZNF644,,,
,,,,,,,RFT1,,,A2ML1,,,
,,,,,,,RNASEH2A,,,AARS,,,
,,,,,,,RNASEH2B,,,AARS2,,,
,,,,,,,RNASEH2C,,,ABCB7,,,
,,,,,,,RNASET2,,,ABHD5,,,
,,,,,,,RNF125,,,ADAR,,,
,,,,,,,RNF168,,,ADGRG1,,,
,,,,,,,RNF170,,,ADGRV1,,,
,,,,,,,RNF216,,,ADSL,,,
,,,,,,,ROGDI,,,AFG3L2,,,
,,,,,,,RPE65,,,AIMP1,,,
,,,,,,,RPGRIP1,,,AKR1E2,,,
,,,,,,,RPIA,,,ALDH6A1,,,
,,,,,,,RRM2B,,,ALG13,,,
,,,,,,,RTEL1,,,ALX3,,,
,,,,,,,RTN2,,,ALX4,,,
,,,,,,,RTN4IP1,,,ANK1,,,
,,,,,,,SACS,,,ANKRD11,,,
,,,,,,,SAMD9L,,,ANO10,,,
,,,,,,,SAMHD1,,,ANOS1,,,
,,,,,,,SASS6,,,AP4E1,,,
,,,,,,,SCN4A,,,APTX,,,
,,,,,,,SCN9A,,,ARHGAP31,,,
,,,,,,,SCO1,,,ARID1A,,,
,,,,,,,SCO2,,,ARID1B,,,
,,,,,,,SCP2,,,ARVCF,,,
,,,,,,,SCYL1,,,ASAH1,,,
,,,,,,,SDCCAG8,,,ATCAY,,,
,,,,,,,SDHA,,,ATN1,,,
,,,,,,,SDHAF1,,,ATP1A2,,,
,,,,,,,SDHB,,,ATP2B3,,,
,,,,,,,SDHD,,,ATP5A1,,,
,,,,,,,SEMA3A,,,ATXN1,,,
,,,,,,,SERAC1,,,ATXN10,,,
,,,,,,,SETD2,,,ATXN2,,,
,,,,,,,SETX,,,ATXN3,,,
,,,,,,,SGCE,,,AUH,,,
,,,,,,,SHANK3,,,B3GLCT,,,
,,,,,,,SHH,,,B4GALNT1,,,
,,,,,,,SIGMAR1,,,BDNF,,,
,,,,,,,SIK1,,,BEAN1,,,
,,,,,,,SIL1,,,BUB1,,,
,,,,,,,SIX3,,,BUB3,,,
,,,,,,,SKI,,,CACNB4,,,
,,,,,,,SLC12A5,,,CDK19,,,
,,,,,,,SLC12A6,,,CDKL5,,,
,,,,,,,SLC16A2,,,CEP104,,,
,,,,,,,SLC17A5,,,CEP120,,,
,,,,,,,SLC19A2,,,CEP57,,,
,,,,,,,SLC1A3,,,CHMP1A,,,
,,,,,,,SLC1A4,,,CLDN16,,,
,,,,,,,SLC20A2,,,CLIP2,,,
,,,,,,,SLC25A1,,,CLP1,,,
,,,,,,,SLC25A12,,,CLPP,,,
,,,,,,,SLC25A15,,,COG4,,,
,,,,,,,SLC25A4,,,COL25A1,,,
,,,,,,,SLC25A46,,,COMT,,,
,,,,,,,SLC2A3,,,COQ2,,,
,,,,,,,SLC30A10,,,COX10,,,
,,,,,,,SLC33A1,,,COX15,,,
,,,,,,,SLC39A14,,,CPLX1,,,
,,,,,,,SLC39A4,,,CRYAA,,,
,,,,,,,SLC46A1,,,CRYAB,,,
,,,,,,,SLC52A2,,,CRYBA1,,,
,,,,,,,SLC52A3,,,CRYBA4,,,
,,,,,,,SLC6A17,,,CRYBB1,,,
,,,,,,,SLC6A19,,,CRYBB2,,,
,,,,,,,SLC6A3,,,CRYGB,,,
,,,,,,,SLC9A1,,,CRYGC,,,
,,,,,,,SMAD4,,,CRYGD,,,
,,,,,,,SMARCA4,,,CRYGS,,,
,,,,,,,SMARCB1,,,CTBP1,,,
,,,,,,,SMPD1,,,CYP51A1,,,
,,,,,,,SNAP25,,,DARS,,,
,,,,,,,SNCA,,,DARS2,,,
,,,,,,,SNX14,,,DCAF8,,,
,,,,,,,SOD1,,,DCX,,,
,,,,,,,SORL1,,,DGUOK,,,
,,,,,,,SOST,,,DHCR24,,,
,,,,,,,SOX10,,,DLAT,,,
,,,,,,,SOX2,,,DLL4,,,
,,,,,,,SOX3,,,DNM1L,,,
,,,,,,,SOX6,,,DPYD,,,
,,,,,,,SPAST,,,DUSP6,,,
,,,,,,,SPATA7,,,ECHS1,,,
,,,,,,,SPG11,,,EDNRB,,,
,,,,,,,SPG20,,,EEF2,,,
,,,,,,,SPG21,,,EFNB1,,,
,,,,,,,SPG7,,,EGR2,,,
,,,,,,,SPR,,,ELN,,,
,,,,,,,SPRY4,,,ELOVL5,,,
,,,,,,,SPTBN2,,,EOGT,,,
,,,,,,,ST3GAL3,,,EPHX1,,,
,,,,,,,ST3GAL5,,,ERMARD,,,
,,,,,,,STAMBP,,,EXOSC3,,,
,,,,,,,STAT4,,,EXT2,,,
,,,,,,,STIL,,,FA2H,,,
,,,,,,,STK11,,,FEZF1,,,
,,,,,,,STRADA,,,FGF14,,,
,,,,,,,STUB1,,,FGF17,,,
,,,,,,,STX11,,,FGF8,,,
,,,,,,,STXBP2,,,FGFR1,,,
,,,,,,,SUCLA2,,,FGFRL1,,,
,,,,,,,SUCLG1,,,FIG4,,,
,,,,,,,SUFU,,,FLRT3,,,
,,,,,,,SUMF1,,,FMR1,,,
,,,,,,,SUOX,,,FOXD3,,,
,,,,,,,SURF1,,,FOXP2,,,
,,,,,,,SYNE1,,,GABRD,,,
,,,,,,,SYNJ1,,,GALC,,,
,,,,,,,SYT14,,,GAN,,,
,,,,,,,SYT2,,,GATA3,,,
,,,,,,,TAC3,,,GFAP,,,
,,,,,,,TACO1,,,GFM1,,,
,,,,,,,TACR3,,,GJA3,,,
,,,,,,,TAF1,,,GJB1,,,
,,,,,,,TAF2,,,GJC2,,,
,,,,,,,TBK1,,,GLI2,,,
,,,,,,,TBX18,,,GLI3,,,
,,,,,,,TCN2,,,GNAS,,,
,,,,,,,TDP1,,,GP1BB,,,
,,,,,,,TDP2,,,GRID2,,,
,,,,,,,TEAD1,,,GRM1,,,
,,,,,,,TECPR2,,,GTF2IRD1,,,
,,,,,,,TECR,,,HARS2,,,
,,,,,,,TERT,,,HDAC8,,,
,,,,,,,TFG,,,HIBCH,,,
,,,,,,,TGM6,,,HIRA,,,
,,,,,,,TH,,,HRAS,,,
,,,,,,,THAP1,,,HS6ST1,,,
,,,,,,,THG1L,,,HSD17B10,,,
,,,,,,,TIMM8A,,,HSD17B4,,,
,,,,,,,TINF2,,,HSPD1,,,
,,,,,,,TK2,,,IL17RD,,,
,,,,,,,TLR4,,,JMJD1C,,,
,,,,,,,TMEM240,,,KARS,,,
,,,,,,,TMEM70,,,KCNA1,,,
,,,,,,,TOP2A,,,KCNAB2,,,
,,,,,,,TOR1A,,,KCNC3,,,
,,,,,,,TOR1AIP1,,,KCND3,,,
,,,,,,,TPI1,,,KIAA0556,,,
,,,,,,,TPK1,,,KIF1A,,,
,,,,,,,TPM2,,,KIF1C,,,
,,,,,,,TPM3,,,KIF2A,,,
,,,,,,,TRAPPC11,,,KISS1R,,,
,,,,,,,TRAPPC9,,,KRAS,,,
,,,,,,,TREX1,,,L1CAM,,,
,,,,,,,TRIM32,,,L2HGDH,,,
,,,,,,,TRNT1,,,LAMC1,,,
,,,,,,,TSFM,,,LARS2,,,
,,,,,,,TTBK2,,,LETM1,,,
,,,,,,,TTC19,,,LIG4,,,
,,,,,,,TTC8,,,LIMK1,,,
,,,,,,,TTF1,,,LMNB1,,,
,,,,,,,TTPA,,,LRP4,,,
,,,,,,,TTR,,,LZTR1,,,
,,,,,,,TULP1,,,MAD2L2,,,
,,,,,,,TUSC3,,,MAFB,,,
,,,,,,,TYMP,,,MAG,,,
,,,,,,,UBA5,,,MANBA,,,
,,,,,,,UBQLN2,,,MAP2K1,,,
,,,,,,,UBTF,,,MAP2K2,,,
,,,,,,,UCHL1,,,MAPRE2,,,
,,,,,,,UNC13A,,,MARS2,,,
,,,,,,,UNC13D,,,MAT1A,,,
,,,,,,,UNC80,,,MC1R,,,
,,,,,,,UPB1,,,MCPH1,,,
,,,,,,,UQCC2,,,MECP2,,,
,,,,,,,UQCC3,,,MED12,,,
,,,,,,,UQCRB,,,MFSD6L,,,
,,,,,,,UQCRC2,,,MITF,,,
,,,,,,,UQCRQ,,,MOCS2,,,
,,,,,,,UROC1,,,MPC1,,,
,,,,,,,UROD,,,MPV17,,,
,,,,,,,USB1,,,MPZ,,,
,,,,,,,USP8,,,MTPAP,,,
,,,,,,,VAMP1,,,MTR,,,
,,,,,,,VAPB,,,MTRR,,,
,,,,,,,VARS2,,,NADK2,,,
,,,,,,,VCP,,,NAGA,,,
,,,,,,,VPS13A,,,NALCN,,,
,,,,,,,VPS13B,,,NANS,,,
,,,,,,,VPS16,,,NARS2,,,
,,,,,,,VPS35,,,NDUFB11,,,
,,,,,,,VPS37A,,,NDUFB9,,,
,,,,,,,VWA3B,,,NECTIN3,,,
,,,,,,,VWF,,,NELFA,,,
,,,,,,,WDPCP,,,NIPBL,,,
,,,,,,,WDR11,,,NOTCH1,,,
,,,,,,,WDR48,,,NPC2,,,
,,,,,,,WDR73,,,NPHS2,,,
,,,,,,,WDR81,,,NRAS,,,
,,,,,,,WFS1,,,NSD2,,,
,,,,,,,WNK1,,,NSMF,,,
,,,,,,,WRAP53,,,NSUN2,,,
,,,,,,,XPA,,,NUBPL,,,
,,,,,,,XPR1,,,NUP62,,,
,,,,,,,XRCC1,,,OCLN,,,
,,,,,,,XRCC4,,,OPHN1,,,
,,,,,,,YWHAE,,,PALB2,,,
,,,,,,,ZC3H14,,,PDGFRB,,,
,,,,,,,ZC4H2,,,PDP1,,,
,,,,,,,ZFR,,,PEX5L,,,
,,,,,,,ZFYVE26,,,PHF21A,,,
,,,,,,,ZFYVE27,,,PHF6,,,
,,,,,,,ZNF335,,,PHIP,,,
,,,,,,,ZNF423,,,PIGN,,,
,,,,,,,ZNF592,,,PIK3CA,,,
,,,,,,,,,,PIK3R5,,,
,,,,,,,,,,PLA2G6,,,
,,,,,,,,,,PLEKHG4,,,
,,,,,,,,,,PMP22,,,
,,,,,,,,,,PMPCA,,,
,,,,,,,,,,POLG,,,
,,,,,,,,,,POLR1C,,,
,,,,,,,,,,POLR1D,,,
,,,,,,,,,,POLR3A,,,
,,,,,,,,,,POLR3B,,,
,,,,,,,,,,POMT2,,,
,,,,,,,,,,PPOX,,,
,,,,,,,,,,PRDM16,,,
,,,,,,,,,,PRICKLE2,,,
,,,,,,,,,,PROK2,,,
,,,,,,,,,,PROKR2,,,
,,,,,,,,,,PRRT2,,,
,,,,,,,,,,PRSS12,,,
,,,,,,,,,,PRX,,,
,,,,,,,,,,PSAT1,,,
,,,,,,,,,,PTCH2,,,
,,,,,,,,,,PTPN22,,,
,,,,,,,,,,PURA,,,
,,,,,,,,,,RAB40AL,,,
,,,,,,,,,,RAD21,,,
,,,,,,,,,,RAD51,,,
,,,,,,,,,,RAD51C,,,
,,,,,,,,,,RAF1,,,
,,,,,,,,,,RAP1B,,,
,,,,,,,,,,RARS,,,
,,,,,,,,,,RASA2,,,
,,,,,,,,,,RBBP8,,,
,,,,,,,,,,RBPJ,,,
,,,,,,,,,,RELN,,,
,,,,,,,,,,RFC2,,,
,,,,,,,,,,RIT1,,,
,,,,,,,,,,RNASEH2C,,,
,,,,,,,,,,RNASET2,,,
,,,,,,,,,,RNF216,,,
,,,,,,,,,,RNLS,,,
,,,,,,,,,,ROBO3,,,
,,,,,,,,,,RREB1,,,
,,,,,,,,,,RTN4IP1,,,
,,,,,,,,,,RUBCN,,,
,,,,,,,,,,SALL1,,,
,,,,,,,,,,SAMD9L,,,
,,,,,,,,,,SCN1A,,,
,,,,,,,,,,SDHA,,,
,,,,,,,,,,SEC24C,,,
,,,,,,,,,,SEMA3A,,,
,,,,,,,,,,SERPINI1,,,
,,,,,,,,,,SETX,,,
,,,,,,,,,,SH2B1,,,
,,,,,,,,,,SH3TC2,,,
,,,,,,,,,,SIM1,,,
,,,,,,,,,,SIN3A,,,
,,,,,,,,,,SKI,,,
,,,,,,,,,,SLC12A6,,,
,,,,,,,,,,SLC16A2,,,
,,,,,,,,,,SLC17A5,,,
,,,,,,,,,,SLC19A2,,,
,,,,,,,,,,SLC19A3,,,
,,,,,,,,,,SLC1A3,,,
,,,,,,,,,,SLC25A20,,,
,,,,,,,,,,SLC25A4,,,
,,,,,,,,,,SLC29A3,,,
,,,,,,,,,,SLC35A2,,,
,,,,,,,,,,SLC39A8,,,
,,,,,,,,,,SLC6A19,,,
,,,,,,,,,,SLC9A1,,,
,,,,,,,,,,SLC9A6,,,
,,,,,,,,,,SMARCA4,,,
,,,,,,,,,,SMARCB1,,,
,,,,,,,,,,SMARCE1,,,
,,,,,,,,,,SMC1A,,,
,,,,,,,,,,SMC3,,,
,,,,,,,,,,SMO,,,
,,,,,,,,,,SNIP1,,,
,,,,,,,,,,SNX14,,,
,,,,,,,,,,SOS1,,,
,,,,,,,,,,SOS2,,,
,,,,,,,,,,SOST,,,
,,,,,,,,,,SOX10,,,
,,,,,,,,,,SOX11,,,
,,,,,,,,,,SPAST,,,
,,,,,,,,,,SPATA5,,,
,,,,,,,,,,SPG11,,,
,,,,,,,,,,SPG7,,,
,,,,,,,,,,SPRY4,,,
,,,,,,,,,,STUB1,,,
,,,,,,,,,,SUFU,,,
,,,,,,,,,,SURF1,,,
,,,,,,,,,,SYNE1,,,
,,,,,,,,,,SYT14,,,
,,,,,,,,,,TACO1,,,
,,,,,,,,,,TACR3,,,
,,,,,,,,,,TAF2,,,
,,,,,,,,,,TBL2,,,
,,,,,,,,,,TBP,,,
,,,,,,,,,,TBR1,,,
,,,,,,,,,,TBX1,,,
,,,,,,,,,,TBX15,,,
,,,,,,,,,,TMEM126B,,,
,,,,,,,,,,TMEM240,,,
,,,,,,,,,,TNFRSF11A,,,
,,,,,,,,,,TPK1,,,
,,,,,,,,,,TTBK2,,,
,,,,,,,,,,TTC19,,,
,,,,,,,,,,TUBB3,,,
,,,,,,,,,,TUBB4A,,,
,,,,,,,,,,TUFM,,,
,,,,,,,,,,TWNK,,,
,,,,,,,,,,UBE2T,,,
,,,,,,,,,,UBE3A,,,
,,,,,,,,,,UFD1,,,
,,,,,,,,,,UROC1,,,
,,,,,,,,,,VLDLR,,,
,,,,,,,,,,VPS13A,,,
,,,,,,,,,,WDR11,,,
,,,,,,,,,,WDR48,,,
,,,,,,,,,,WDR73,,,
,,,,,,,,,,WHRN,,,
,,,,,,,,,,WNT3,,,
,,,,,,,,,,WWOX,,,
,,,,,,,,,,XRCC2,,,
,,,,,,,,,,XRCC4,,,
,,,,,,,,,,XYLT2,,,
,,,,,,,,,,YARS2,,,
,,,,,,,,,,ZFYVE26,,,
,,,,,,,,,,ZFYVE27,,,
