pop,sample,super_pop,gender,population_name
ACB,HG01914,AFR,male,african_caribbean
ACB,HG02144,AFR,female,african_caribbean
ACB,HG01915,AFR,female,african_caribbean
ACB,HG02511,AFR,female,african_caribbean
ACB,HG02255,AFR,male,african_caribbean
ACB,HG02318,AFR,female,african_caribbean
ACB,HG02508,AFR,female,african_caribbean
ACB,HG02339,AFR,female,african_caribbean
ACB,HG02009,AFR,male,african_caribbean
ACB,HG02143,AFR,male,african_caribbean
ACB,HG01990,AFR,male,african_caribbean
ACB,HG02555,AFR,female,african_caribbean
ACB,HG02256,AFR,female,african_caribbean
ACB,HG02317,AFR,male,african_caribbean
ACB,HG02554,AFR,male,african_caribbean
ACB,HG01988,AFR,male,african_caribbean
ACB,HG02010,AFR,female,african_caribbean
ACB,HG01985,AFR,female,african_caribbean
ACB,HG02014,AFR,male,african_caribbean
ACB,HG02477,AFR,female,african_caribbean
ACB,HG02419,AFR,female,african_caribbean
ACB,HG02420,AFR,male,african_caribbean
ACB,HG02549,AFR,female,african_caribbean
ACB,HG01986,AFR,male,african_caribbean
ACB,HG02505,AFR,female,african_caribbean
ACB,HG02107,AFR,male,african_caribbean
ACB,HG02012,AFR,female,african_caribbean
ACB,HG02343,AFR,male,african_caribbean
ACB,HG02455,AFR,male,african_caribbean
ACB,HG01989,AFR,female,african_caribbean
ACB,HG02281,AFR,male,african_caribbean
ACB,HG02314,AFR,male,african_caribbean
ACB,HG02502,AFR,female,african_caribbean
ACB,HG02433,AFR,male,african_caribbean
ACB,HG02315,AFR,female,african_caribbean
ACB,HG02322,AFR,female,african_caribbean
ACB,HG02013,AFR,male,african_caribbean
ACB,HG02325,AFR,female,african_caribbean
ACB,HG01894,AFR,female,african_caribbean
ACB,HG02536,AFR,male,african_caribbean
ACB,HG02537,AFR,female,african_caribbean
ACB,HG02541,AFR,male,african_caribbean
ACB,HG02330,AFR,male,african_caribbean
ACB,HG02546,AFR,female,african_caribbean
ACB,HG02427,AFR,female,african_caribbean
ACB,HG02429,AFR,male,african_caribbean
ACB,HG02476,AFR,female,african_caribbean
ACB,HG02439,AFR,male,african_caribbean
ACB,HG02557,AFR,male,african_caribbean
ACB,HG02323,AFR,male,african_caribbean
ACB,HG02449,AFR,male,african_caribbean
ACB,HG02450,AFR,female,african_caribbean
ACB,HG02332,AFR,male,african_caribbean
ACB,HG02334,AFR,male,african_caribbean
ACB,HG02282,AFR,female,african_caribbean
ACB,HG02054,AFR,female,african_caribbean
ACB,HG02052,AFR,female,african_caribbean
ACB,HG02284,AFR,male,african_caribbean
ACB,HG02580,AFR,female,african_caribbean
ACB,HG02501,AFR,male,african_caribbean
ACB,HG02471,AFR,female,african_caribbean
ACB,HG02479,AFR,female,african_caribbean
ACB,HG02558,AFR,female,african_caribbean
ACB,HG02111,AFR,female,african_caribbean
ACB,HG01956,AFR,female,african_caribbean
ACB,HG02545,AFR,male,african_caribbean
ACB,HG01958,AFR,female,african_caribbean
ACB,HG02337,AFR,female,african_caribbean
ACB,HG02053,AFR,male,african_caribbean
ACB,HG02051,AFR,male,african_caribbean
ACB,HG01889,AFR,female,african_caribbean
ACB,HG01890,AFR,male,african_caribbean
ACB,HG02095,AFR,female,african_caribbean
ACB,HG02484,AFR,male,african_caribbean
ACB,HG02283,AFR,male,african_caribbean
ACB,HG01896,AFR,female,african_caribbean
ACB,HG01912,AFR,male,african_caribbean
ACB,HG02497,AFR,female,african_caribbean
ACB,HG02307,AFR,male,african_caribbean
ACB,HG01886,AFR,female,african_caribbean
ACB,HG02489,AFR,male,african_caribbean
ACB,HG02445,AFR,male,african_caribbean
ACB,HG02470,AFR,male,african_caribbean
ACB,HG01883,AFR,female,african_caribbean
ACB,HG02577,AFR,female,african_caribbean
ACB,HG02481,AFR,male,african_caribbean
ACB,HG02108,AFR,female,african_caribbean
ACB,HG02309,AFR,female,african_caribbean
ACB,HG02442,AFR,male,african_caribbean
ACB,HG02496,AFR,male,african_caribbean
ACB,HG02308,AFR,female,african_caribbean
ACB,HG01882,AFR,male,african_caribbean
ACB,HG01885,AFR,male,african_caribbean
ACB,HG01880,AFR,female,african_caribbean
ACB,HG02485,AFR,female,african_caribbean
ACB,HG01879,AFR,male,african_caribbean
ASW,NA19625,AFR,female,african_american_sw
ASW,NA20359,AFR,female,african_american_sw
ASW,NA20362,AFR,male,african_american_sw
ASW,NA20412,AFR,female,african_american_sw
ASW,NA19916,AFR,male,african_american_sw
ASW,NA19917,AFR,female,african_american_sw
ASW,NA19920,AFR,male,african_american_sw
ASW,NA19921,AFR,female,african_american_sw
ASW,NA19922,AFR,male,african_american_sw
ASW,NA19923,AFR,female,african_american_sw
ASW,NA19982,AFR,male,african_american_sw
ASW,NA19984,AFR,male,african_american_sw
ASW,NA20126,AFR,male,african_american_sw
ASW,NA20127,AFR,female,african_american_sw
ASW,NA20274,AFR,female,african_american_sw
ASW,NA20276,AFR,female,african_american_sw
ASW,NA20278,AFR,male,african_american_sw
ASW,NA20281,AFR,male,african_american_sw
ASW,NA20282,AFR,female,african_american_sw
ASW,NA20287,AFR,female,african_american_sw
ASW,NA19700,AFR,male,african_american_sw
ASW,NA19701,AFR,female,african_american_sw
ASW,NA19703,AFR,male,african_american_sw
ASW,NA19704,AFR,female,african_american_sw
ASW,NA19707,AFR,female,african_american_sw
ASW,NA19711,AFR,male,african_american_sw
ASW,NA19712,AFR,female,african_american_sw
ASW,NA19713,AFR,female,african_american_sw
ASW,NA20318,AFR,male,african_american_sw
ASW,NA20320,AFR,female,african_american_sw
ASW,NA20321,AFR,female,african_american_sw
ASW,NA20332,AFR,female,african_american_sw
ASW,NA20334,AFR,female,african_american_sw
ASW,NA19818,AFR,male,african_american_sw
ASW,NA19819,AFR,female,african_american_sw
ASW,NA19834,AFR,male,african_american_sw
ASW,NA19835,AFR,female,african_american_sw
ASW,NA19900,AFR,male,african_american_sw
ASW,NA19901,AFR,female,african_american_sw
ASW,NA19904,AFR,male,african_american_sw
ASW,NA19908,AFR,male,african_american_sw
ASW,NA19909,AFR,female,african_american_sw
ASW,NA19913,AFR,female,african_american_sw
ASW,NA19914,AFR,female,african_american_sw
ASW,NA20291,AFR,male,african_american_sw
ASW,NA20294,AFR,female,african_american_sw
ASW,NA20296,AFR,female,african_american_sw
ASW,NA20289,AFR,female,african_american_sw
ASW,NA20299,AFR,female,african_american_sw
ASW,NA20314,AFR,female,african_american_sw
ASW,NA20317,AFR,female,african_american_sw
ASW,NA20298,AFR,male,african_american_sw
ASW,NA20339,AFR,female,african_american_sw
ASW,NA20340,AFR,male,african_american_sw
ASW,NA20342,AFR,male,african_american_sw
ASW,NA20357,AFR,female,african_american_sw
ASW,NA20348,AFR,male,african_american_sw
ASW,NA20351,AFR,male,african_american_sw
ASW,NA20355,AFR,female,african_american_sw
ASW,NA20346,AFR,male,african_american_sw
ASW,NA20356,AFR,male,african_american_sw
BEB,HG03934,SAS,female,bengali
BEB,HG03809,SAS,male,bengali
BEB,HG03007,SAS,female,bengali
BEB,HG03808,SAS,female,bengali
BEB,HG03616,SAS,female,bengali
BEB,HG03006,SAS,male,bengali
BEB,HG03009,SAS,male,bengali
BEB,HG03812,SAS,male,bengali
BEB,HG03802,SAS,female,bengali
BEB,HG03814,SAS,female,bengali
BEB,HG03805,SAS,female,bengali
BEB,HG03615,SAS,male,bengali
BEB,HG03928,SAS,female,bengali
BEB,HG03803,SAS,male,bengali
BEB,HG04141,SAS,female,bengali
BEB,HG03926,SAS,male,bengali
BEB,HG03012,SAS,male,bengali
BEB,HG03931,SAS,female,bengali
BEB,HG04159,SAS,female,bengali
BEB,HG03585,SAS,male,bengali
BEB,HG04162,SAS,female,bengali
BEB,HG03800,SAS,male,bengali
BEB,HG04171,SAS,female,bengali
BEB,HG03925,SAS,female,bengali
BEB,HG03937,SAS,female,bengali
BEB,HG04164,SAS,male,bengali
BEB,HG03593,SAS,male,bengali
BEB,HG04173,SAS,male,bengali
BEB,HG03595,SAS,female,bengali
BEB,HG03589,SAS,female,bengali
BEB,HG03598,SAS,female,bengali
BEB,HG03600,SAS,male,bengali
BEB,HG04161,SAS,male,bengali
BEB,HG03607,SAS,female,bengali
BEB,HG03611,SAS,female,bengali
BEB,HG04134,SAS,male,bengali
BEB,HG03902,SAS,male,bengali
BEB,HG04176,SAS,male,bengali
BEB,HG03940,SAS,female,bengali
BEB,HG03941,SAS,male,bengali
BEB,HG03594,SAS,male,bengali
BEB,HG03793,SAS,female,bengali
BEB,HG03796,SAS,female,bengali
BEB,HG03919,SAS,female,bengali
BEB,HG03920,SAS,male,bengali
BEB,HG03922,SAS,female,bengali
BEB,HG03603,SAS,male,bengali
BEB,HG04131,SAS,male,bengali
BEB,HG03833,SAS,male,bengali
BEB,HG04140,SAS,male,bengali
BEB,HG03832,SAS,female,bengali
BEB,HG04177,SAS,female,bengali
BEB,HG04180,SAS,female,bengali
BEB,HG04152,SAS,male,bengali
BEB,HG04183,SAS,female,bengali
BEB,HG04185,SAS,male,bengali
BEB,HG04155,SAS,male,bengali
BEB,HG04156,SAS,female,bengali
BEB,HG04158,SAS,male,bengali
BEB,HG03826,SAS,female,bengali
BEB,HG03604,SAS,female,bengali
BEB,HG04194,SAS,male,bengali
BEB,HG04195,SAS,female,bengali
BEB,HG03817,SAS,female,bengali
BEB,HG04153,SAS,female,bengali
BEB,HG04144,SAS,female,bengali
BEB,HG04182,SAS,male,bengali
BEB,HG04188,SAS,male,bengali
BEB,HG03908,SAS,male,bengali
BEB,HG03823,SAS,female,bengali
BEB,HG04186,SAS,female,bengali
BEB,HG03830,SAS,male,bengali
BEB,HG03917,SAS,male,bengali
BEB,HG04189,SAS,female,bengali
BEB,HG03829,SAS,female,bengali
BEB,HG04146,SAS,male,bengali
BEB,HG03815,SAS,male,bengali
BEB,HG03821,SAS,male,bengali
BEB,HG03914,SAS,male,bengali
BEB,HG03916,SAS,female,bengali
BEB,HG03913,SAS,female,bengali
BEB,HG03905,SAS,male,bengali
BEB,HG03910,SAS,female,bengali
BEB,HG03911,SAS,male,bengali
BEB,HG03824,SAS,male,bengali
BEB,HG03907,SAS,female,bengali
CDX,HG02250,EAS,male,dai_chinese
CDX,HG01798,EAS,female,dai_chinese
CDX,HG00879,EAS,female,dai_chinese
CDX,HG00956,EAS,female,dai_chinese
CDX,HG00978,EAS,female,dai_chinese
CDX,HG00982,EAS,male,dai_chinese
CDX,HG02410,EAS,male,dai_chinese
CDX,HG01795,EAS,female,dai_chinese
CDX,HG01796,EAS,female,dai_chinese
CDX,HG01797,EAS,female,dai_chinese
CDX,HG02408,EAS,male,dai_chinese
CDX,HG02409,EAS,male,dai_chinese
CDX,HG00881,EAS,male,dai_chinese
CDX,HG02392,EAS,male,dai_chinese
CDX,HG02394,EAS,male,dai_chinese
CDX,HG01028,EAS,male,dai_chinese
CDX,HG02402,EAS,male,dai_chinese
CDX,HG02406,EAS,male,dai_chinese
CDX,HG02407,EAS,male,dai_chinese
CDX,HG02364,EAS,male,dai_chinese
CDX,HG02367,EAS,male,dai_chinese
CDX,HG02164,EAS,female,dai_chinese
CDX,HG02371,EAS,male,dai_chinese
CDX,HG02373,EAS,male,dai_chinese
CDX,HG02395,EAS,male,dai_chinese
CDX,HG01029,EAS,female,dai_chinese
CDX,HG01031,EAS,male,dai_chinese
CDX,HG01046,EAS,female,dai_chinese
CDX,HG01794,EAS,female,dai_chinese
CDX,HG02355,EAS,male,dai_chinese
CDX,HG02356,EAS,male,dai_chinese
CDX,HG02360,EAS,male,dai_chinese
CDX,HG00864,EAS,female,dai_chinese
CDX,HG00867,EAS,female,dai_chinese
CDX,HG02190,EAS,female,dai_chinese
CDX,HG02391,EAS,male,dai_chinese
CDX,HG01813,EAS,female,dai_chinese
CDX,HG01815,EAS,female,dai_chinese
CDX,HG02396,EAS,male,dai_chinese
CDX,HG02397,EAS,male,dai_chinese
CDX,HG02351,EAS,male,dai_chinese
CDX,HG02353,EAS,male,dai_chinese
CDX,HG02401,EAS,male,dai_chinese
CDX,HG02153,EAS,female,dai_chinese
CDX,HG02154,EAS,female,dai_chinese
CDX,HG02155,EAS,female,dai_chinese
CDX,HG02156,EAS,female,dai_chinese
CDX,HG01810,EAS,male,dai_chinese
CDX,HG01811,EAS,male,dai_chinese
CDX,HG01812,EAS,female,dai_chinese
CDX,HG01799,EAS,female,dai_chinese
CDX,HG01816,EAS,male,dai_chinese
CDX,HG01817,EAS,female,dai_chinese
CDX,HG02398,EAS,male,dai_chinese
CDX,HG02399,EAS,male,dai_chinese
CDX,HG02152,EAS,female,dai_chinese
CDX,HG00766,EAS,female,dai_chinese
CDX,HG00844,EAS,male,dai_chinese
CDX,HG00851,EAS,female,dai_chinese
CDX,HG02188,EAS,female,dai_chinese
CDX,HG02385,EAS,male,dai_chinese
CDX,HG02386,EAS,male,dai_chinese
CDX,HG02389,EAS,male,dai_chinese
CDX,HG02390,EAS,male,dai_chinese
CDX,HG01800,EAS,female,dai_chinese
CDX,HG01801,EAS,female,dai_chinese
CDX,HG01802,EAS,female,dai_chinese
CDX,HG02151,EAS,female,dai_chinese
CDX,HG00759,EAS,female,dai_chinese
CDX,HG01806,EAS,female,dai_chinese
CDX,HG01807,EAS,female,dai_chinese
CDX,HG01808,EAS,female,dai_chinese
CDX,HG01809,EAS,female,dai_chinese
CDX,HG02184,EAS,female,dai_chinese
CDX,HG02185,EAS,female,dai_chinese
CDX,HG02186,EAS,female,dai_chinese
CDX,HG02187,EAS,female,dai_chinese
CDX,HG01805,EAS,female,dai_chinese
CDX,HG02165,EAS,female,dai_chinese
CDX,HG02374,EAS,male,dai_chinese
CDX,HG01804,EAS,female,dai_chinese
CDX,HG02384,EAS,male,dai_chinese
CDX,HG02380,EAS,male,dai_chinese
CDX,HG02382,EAS,male,dai_chinese
CDX,HG02383,EAS,male,dai_chinese
CDX,HG02375,EAS,male,dai_chinese
CDX,HG02379,EAS,male,dai_chinese
CDX,HG02179,EAS,female,dai_chinese
CDX,HG02180,EAS,female,dai_chinese
CDX,HG02181,EAS,female,dai_chinese
CDX,HG02182,EAS,female,dai_chinese
CDX,HG02178,EAS,female,dai_chinese
CDX,HG02166,EAS,female,dai_chinese
CEU,NA06984,EUR,male,ceph
CEU,NA06985,EUR,female,ceph
CEU,NA06986,EUR,male,ceph
CEU,NA06989,EUR,female,ceph
CEU,NA06994,EUR,male,ceph
CEU,NA07000,EUR,female,ceph
CEU,NA07037,EUR,female,ceph
CEU,NA07048,EUR,male,ceph
CEU,NA07051,EUR,male,ceph
CEU,NA07056,EUR,female,ceph
CEU,NA07347,EUR,male,ceph
CEU,NA07357,EUR,male,ceph
CEU,NA10847,EUR,female,ceph
CEU,NA10851,EUR,male,ceph
CEU,NA11829,EUR,male,ceph
CEU,NA11830,EUR,female,ceph
CEU,NA11831,EUR,male,ceph
CEU,NA11832,EUR,female,ceph
CEU,NA11840,EUR,female,ceph
CEU,NA11843,EUR,male,ceph
CEU,NA11881,EUR,male,ceph
CEU,NA11892,EUR,female,ceph
CEU,NA11893,EUR,male,ceph
CEU,NA11894,EUR,female,ceph
CEU,NA11918,EUR,female,ceph
CEU,NA11919,EUR,male,ceph
CEU,NA11920,EUR,female,ceph
CEU,NA11930,EUR,male,ceph
CEU,NA11931,EUR,female,ceph
CEU,NA11932,EUR,male,ceph
CEU,NA11933,EUR,female,ceph
CEU,NA11992,EUR,male,ceph
CEU,NA11994,EUR,male,ceph
CEU,NA11995,EUR,female,ceph
CEU,NA12003,EUR,male,ceph
CEU,NA12004,EUR,female,ceph
CEU,NA12005,EUR,male,ceph
CEU,NA12006,EUR,female,ceph
CEU,NA12043,EUR,male,ceph
CEU,NA12044,EUR,female,ceph
CEU,NA12045,EUR,male,ceph
CEU,NA12046,EUR,female,ceph
CEU,NA12058,EUR,female,ceph
CEU,NA12144,EUR,male,ceph
CEU,NA12154,EUR,male,ceph
CEU,NA12155,EUR,male,ceph
CEU,NA12156,EUR,female,ceph
CEU,NA12234,EUR,female,ceph
CEU,NA12249,EUR,female,ceph
CEU,NA12272,EUR,male,ceph
CEU,NA12273,EUR,female,ceph
CEU,NA12275,EUR,female,ceph
CEU,NA12282,EUR,male,ceph
CEU,NA12283,EUR,female,ceph
CEU,NA12286,EUR,male,ceph
CEU,NA12287,EUR,female,ceph
CEU,NA12340,EUR,male,ceph
CEU,NA12341,EUR,female,ceph
CEU,NA12342,EUR,male,ceph
CEU,NA12347,EUR,male,ceph
CEU,NA12348,EUR,female,ceph
CEU,NA12383,EUR,female,ceph
CEU,NA12399,EUR,male,ceph
CEU,NA12400,EUR,female,ceph
CEU,NA12413,EUR,male,ceph
CEU,NA12414,EUR,female,ceph
CEU,NA12489,EUR,female,ceph
CEU,NA12546,EUR,male,ceph
CEU,NA12716,EUR,male,ceph
CEU,NA12717,EUR,female,ceph
CEU,NA12718,EUR,female,ceph
CEU,NA12748,EUR,male,ceph
CEU,NA12749,EUR,female,ceph
CEU,NA12750,EUR,male,ceph
CEU,NA12751,EUR,female,ceph
CEU,NA12760,EUR,male,ceph
CEU,NA12761,EUR,female,ceph
CEU,NA12762,EUR,male,ceph
CEU,NA12763,EUR,female,ceph
CEU,NA12775,EUR,male,ceph
CEU,NA12776,EUR,female,ceph
CEU,NA12777,EUR,male,ceph
CEU,NA12778,EUR,female,ceph
CEU,NA12812,EUR,male,ceph
CEU,NA12813,EUR,female,ceph
CEU,NA12814,EUR,male,ceph
CEU,NA12815,EUR,female,ceph
CEU,NA12827,EUR,male,ceph
CEU,NA12828,EUR,female,ceph
CEU,NA12829,EUR,male,ceph
CEU,NA12830,EUR,female,ceph
CEU,NA12842,EUR,male,ceph
CEU,NA12843,EUR,female,ceph
CEU,NA12872,EUR,male,ceph
CEU,NA12873,EUR,female,ceph
CEU,NA12874,EUR,male,ceph
CEU,NA12878,EUR,female,ceph
CEU,NA12889,EUR,male,ceph
CEU,NA12890,EUR,female,ceph
CHB,NA18638,EAS,male,han_chinese
CHB,NA18538,EAS,female,han_chinese
CHB,NA18639,EAS,male,han_chinese
CHB,NA18640,EAS,female,han_chinese
CHB,NA18641,EAS,female,han_chinese
CHB,NA18633,EAS,male,han_chinese
CHB,NA18634,EAS,female,han_chinese
CHB,NA18635,EAS,male,han_chinese
CHB,NA18636,EAS,male,han_chinese
CHB,NA18637,EAS,male,han_chinese
CHB,NA18747,EAS,male,han_chinese
CHB,NA18748,EAS,male,han_chinese
CHB,NA18749,EAS,male,han_chinese
CHB,NA18757,EAS,male,han_chinese
CHB,NA18642,EAS,female,han_chinese
CHB,NA18643,EAS,male,han_chinese
CHB,NA18644,EAS,female,han_chinese
CHB,NA18645,EAS,male,han_chinese
CHB,NA18646,EAS,female,han_chinese
CHB,NA18647,EAS,male,han_chinese
CHB,NA18648,EAS,male,han_chinese
CHB,NA18740,EAS,male,han_chinese
CHB,NA18745,EAS,male,han_chinese
CHB,NA18624,EAS,male,han_chinese
CHB,NA18625,EAS,female,han_chinese
CHB,NA18626,EAS,female,han_chinese
CHB,NA18627,EAS,female,han_chinese
CHB,NA18628,EAS,female,han_chinese
CHB,NA18629,EAS,male,han_chinese
CHB,NA18630,EAS,female,han_chinese
CHB,NA18631,EAS,female,han_chinese
CHB,NA18632,EAS,male,han_chinese
CHB,NA18525,EAS,female,han_chinese
CHB,NA18526,EAS,female,han_chinese
CHB,NA18528,EAS,female,han_chinese
CHB,NA18530,EAS,male,han_chinese
CHB,NA18531,EAS,female,han_chinese
CHB,NA18532,EAS,female,han_chinese
CHB,NA18533,EAS,female,han_chinese
CHB,NA18534,EAS,male,han_chinese
CHB,NA18535,EAS,female,han_chinese
CHB,NA18536,EAS,male,han_chinese
CHB,NA18537,EAS,female,han_chinese
CHB,NA18599,EAS,female,han_chinese
CHB,NA18539,EAS,female,han_chinese
CHB,NA18541,EAS,female,han_chinese
CHB,NA18542,EAS,female,han_chinese
CHB,NA18543,EAS,male,han_chinese
CHB,NA18544,EAS,male,han_chinese
CHB,NA18545,EAS,female,han_chinese
CHB,NA18546,EAS,male,han_chinese
CHB,NA18547,EAS,female,han_chinese
CHB,NA18548,EAS,male,han_chinese
CHB,NA18549,EAS,male,han_chinese
CHB,NA18550,EAS,female,han_chinese
CHB,NA18552,EAS,female,han_chinese
CHB,NA18553,EAS,female,han_chinese
CHB,NA18555,EAS,female,han_chinese
CHB,NA18557,EAS,male,han_chinese
CHB,NA18558,EAS,male,han_chinese
CHB,NA18559,EAS,male,han_chinese
CHB,NA18560,EAS,female,han_chinese
CHB,NA18561,EAS,male,han_chinese
CHB,NA18562,EAS,male,han_chinese
CHB,NA18563,EAS,male,han_chinese
CHB,NA18564,EAS,female,han_chinese
CHB,NA18565,EAS,female,han_chinese
CHB,NA18566,EAS,female,han_chinese
CHB,NA18567,EAS,female,han_chinese
CHB,NA18570,EAS,female,han_chinese
CHB,NA18571,EAS,female,han_chinese
CHB,NA18572,EAS,male,han_chinese
CHB,NA18573,EAS,female,han_chinese
CHB,NA18574,EAS,female,han_chinese
CHB,NA18577,EAS,female,han_chinese
CHB,NA18579,EAS,female,han_chinese
CHB,NA18582,EAS,female,han_chinese
CHB,NA18591,EAS,female,han_chinese
CHB,NA18592,EAS,female,han_chinese
CHB,NA18593,EAS,female,han_chinese
CHB,NA18595,EAS,female,han_chinese
CHB,NA18596,EAS,female,han_chinese
CHB,NA18597,EAS,female,han_chinese
CHB,NA18616,EAS,female,han_chinese
CHB,NA18602,EAS,female,han_chinese
CHB,NA18603,EAS,male,han_chinese
CHB,NA18605,EAS,male,han_chinese
CHB,NA18606,EAS,male,han_chinese
CHB,NA18608,EAS,male,han_chinese
CHB,NA18609,EAS,male,han_chinese
CHB,NA18610,EAS,female,han_chinese
CHB,NA18611,EAS,male,han_chinese
CHB,NA18612,EAS,male,han_chinese
CHB,NA18613,EAS,male,han_chinese
CHB,NA18614,EAS,female,han_chinese
CHB,NA18615,EAS,female,han_chinese
CHB,NA18620,EAS,male,han_chinese
CHB,NA18617,EAS,female,han_chinese
CHB,NA18618,EAS,female,han_chinese
CHB,NA18619,EAS,female,han_chinese
CHB,NA18621,EAS,male,han_chinese
CHB,NA18622,EAS,male,han_chinese
CHB,NA18623,EAS,male,han_chinese
CHS,HG00407,EAS,female,southern_han_chinese
CHS,HG00406,EAS,male,southern_han_chinese
CHS,HG00421,EAS,male,southern_han_chinese
CHS,HG00409,EAS,male,southern_han_chinese
CHS,HG00428,EAS,female,southern_han_chinese
CHS,HG00436,EAS,male,southern_han_chinese
CHS,HG00437,EAS,female,southern_han_chinese
CHS,HG00422,EAS,female,southern_han_chinese
CHS,HG00403,EAS,male,southern_han_chinese
CHS,HG00404,EAS,female,southern_han_chinese
CHS,HG00446,EAS,female,southern_han_chinese
CHS,HG00448,EAS,male,southern_han_chinese
CHS,HG00449,EAS,female,southern_han_chinese
CHS,HG00451,EAS,male,southern_han_chinese
CHS,HG00452,EAS,female,southern_han_chinese
CHS,HG00457,EAS,male,southern_han_chinese
CHS,HG00458,EAS,female,southern_han_chinese
CHS,HG00463,EAS,male,southern_han_chinese
CHS,HG00464,EAS,female,southern_han_chinese
CHS,HG00472,EAS,male,southern_han_chinese
CHS,HG00442,EAS,male,southern_han_chinese
CHS,HG00443,EAS,female,southern_han_chinese
CHS,HG00445,EAS,male,southern_han_chinese
CHS,HG00478,EAS,male,southern_han_chinese
CHS,HG00479,EAS,female,southern_han_chinese
CHS,HG00500,EAS,male,southern_han_chinese
CHS,HG00513,EAS,female,southern_han_chinese
CHS,HG00524,EAS,male,southern_han_chinese
CHS,HG00525,EAS,female,southern_han_chinese
CHS,HG00530,EAS,male,southern_han_chinese
CHS,HG00531,EAS,female,southern_han_chinese
CHS,HG00533,EAS,male,southern_han_chinese
CHS,HG00534,EAS,female,southern_han_chinese
CHS,HG00536,EAS,male,southern_han_chinese
CHS,HG00537,EAS,female,southern_han_chinese
CHS,HG00542,EAS,male,southern_han_chinese
CHS,HG00543,EAS,female,southern_han_chinese
CHS,HG00589,EAS,male,southern_han_chinese
CHS,HG00590,EAS,female,southern_han_chinese
CHS,HG00650,EAS,male,southern_han_chinese
CHS,HG00556,EAS,male,southern_han_chinese
CHS,HG00419,EAS,female,southern_han_chinese
CHS,HG00559,EAS,male,southern_han_chinese
CHS,HG00560,EAS,female,southern_han_chinese
CHS,HG00565,EAS,male,southern_han_chinese
CHS,HG00566,EAS,female,southern_han_chinese
CHS,HG00580,EAS,male,southern_han_chinese
CHS,HG00581,EAS,female,southern_han_chinese
CHS,HG00583,EAS,male,southern_han_chinese
CHS,HG00584,EAS,female,southern_han_chinese
CHS,HG00614,EAS,female,southern_han_chinese
CHS,HG00619,EAS,male,southern_han_chinese
CHS,HG00592,EAS,male,southern_han_chinese
CHS,HG00593,EAS,female,southern_han_chinese
CHS,HG00595,EAS,male,southern_han_chinese
CHS,HG00596,EAS,female,southern_han_chinese
CHS,HG00598,EAS,male,southern_han_chinese
CHS,HG00599,EAS,female,southern_han_chinese
CHS,HG00607,EAS,male,southern_han_chinese
CHS,HG00608,EAS,female,southern_han_chinese
CHS,HG00473,EAS,female,southern_han_chinese
CHS,HG00475,EAS,male,southern_han_chinese
CHS,HG00476,EAS,female,southern_han_chinese
CHS,HG00674,EAS,male,southern_han_chinese
CHS,HG00675,EAS,female,southern_han_chinese
CHS,HG00620,EAS,female,southern_han_chinese
CHS,HG00622,EAS,male,southern_han_chinese
CHS,HG00623,EAS,female,southern_han_chinese
CHS,HG00625,EAS,male,southern_han_chinese
CHS,HG00626,EAS,female,southern_han_chinese
CHS,HG00628,EAS,male,southern_han_chinese
CHS,HG00629,EAS,female,southern_han_chinese
CHS,HG00631,EAS,male,southern_han_chinese
CHS,HG00632,EAS,female,southern_han_chinese
CHS,HG00634,EAS,male,southern_han_chinese
CHS,HG00672,EAS,female,southern_han_chinese
CHS,HG00707,EAS,male,southern_han_chinese
CHS,HG00708,EAS,female,southern_han_chinese
CHS,HG00683,EAS,male,southern_han_chinese
CHS,HG00684,EAS,female,southern_han_chinese
CHS,HG00651,EAS,female,southern_han_chinese
CHS,HG00653,EAS,male,southern_han_chinese
CHS,HG00654,EAS,female,southern_han_chinese
CHS,HG00656,EAS,male,southern_han_chinese
CHS,HG00657,EAS,female,southern_han_chinese
CHS,HG00662,EAS,male,southern_han_chinese
CHS,HG00663,EAS,female,southern_han_chinese
CHS,HG00671,EAS,male,southern_han_chinese
CHS,HG00705,EAS,female,southern_han_chinese
CHS,HG00689,EAS,male,southern_han_chinese
CHS,HG00610,EAS,male,southern_han_chinese
CHS,HG00717,EAS,female,southern_han_chinese
CHS,HG00728,EAS,male,southern_han_chinese
CHS,HG00698,EAS,male,southern_han_chinese
CHS,HG00690,EAS,female,southern_han_chinese
CHS,HG00692,EAS,male,southern_han_chinese
CHS,HG00693,EAS,female,southern_han_chinese
CHS,HG00613,EAS,male,southern_han_chinese
CHS,HG00699,EAS,female,southern_han_chinese
CHS,HG00701,EAS,male,southern_han_chinese
CHS,HG00704,EAS,male,southern_han_chinese
CHS,HG00557,EAS,female,southern_han_chinese
CHS,HG00729,EAS,female,southern_han_chinese
CHS,HG00611,EAS,female,southern_han_chinese
CHS,HG00410,EAS,female,southern_han_chinese
CLM,HG01131,AMR,female,colombian
CLM,HG01257,AMR,female,colombian
CLM,HG01130,AMR,male,colombian
CLM,HG01374,AMR,male,colombian
CLM,HG01133,AMR,male,colombian
CLM,HG01125,AMR,female,colombian
CLM,HG01259,AMR,male,colombian
CLM,HG01253,AMR,male,colombian
CLM,HG01254,AMR,female,colombian
CLM,HG01369,AMR,female,colombian
CLM,HG01124,AMR,male,colombian
CLM,HG01372,AMR,female,colombian
CLM,HG01443,AMR,male,colombian
CLM,HG01256,AMR,male,colombian
CLM,HG01474,AMR,female,colombian
CLM,HG01112,AMR,male,colombian
CLM,HG01113,AMR,female,colombian
CLM,HG01119,AMR,female,colombian
CLM,HG01121,AMR,male,colombian
CLM,HG01250,AMR,male,colombian
CLM,HG01251,AMR,female,colombian
CLM,HG01365,AMR,male,colombian
CLM,HG01366,AMR,female,colombian
CLM,HG01438,AMR,female,colombian
CLM,HG01479,AMR,male,colombian
CLM,HG01485,AMR,male,colombian
CLM,HG01444,AMR,female,colombian
CLM,HG01447,AMR,female,colombian
CLM,HG01455,AMR,male,colombian
CLM,HG01456,AMR,female,colombian
CLM,HG01459,AMR,female,colombian
CLM,HG01461,AMR,male,colombian
CLM,HG01462,AMR,female,colombian
CLM,HG01464,AMR,male,colombian
CLM,HG01122,AMR,female,colombian
CLM,HG01468,AMR,female,colombian
CLM,HG01363,AMR,female,colombian
CLM,HG01440,AMR,male,colombian
CLM,HG01441,AMR,female,colombian
CLM,HG01486,AMR,female,colombian
CLM,HG01134,AMR,female,colombian
CLM,HG01136,AMR,male,colombian
CLM,HG01137,AMR,female,colombian
CLM,HG01139,AMR,male,colombian
CLM,HG01140,AMR,female,colombian
CLM,HG01142,AMR,male,colombian
CLM,HG01148,AMR,male,colombian
CLM,HG01149,AMR,female,colombian
CLM,HG01437,AMR,male,colombian
CLM,HG01281,AMR,female,colombian
CLM,HG01465,AMR,female,colombian
CLM,HG01344,AMR,male,colombian
CLM,HG01348,AMR,female,colombian
CLM,HG01350,AMR,male,colombian
CLM,HG01351,AMR,female,colombian
CLM,HG01353,AMR,male,colombian
CLM,HG01354,AMR,female,colombian
CLM,HG01356,AMR,male,colombian
CLM,HG01357,AMR,female,colombian
CLM,HG01550,AMR,male,colombian
CLM,HG01551,AMR,female,colombian
CLM,HG01556,AMR,male,colombian
CLM,HG01341,AMR,male,colombian
CLM,HG01342,AMR,female,colombian
CLM,HG01284,AMR,female,colombian
CLM,HG01345,AMR,female,colombian
CLM,HG01271,AMR,male,colombian
CLM,HG01272,AMR,female,colombian
CLM,HG01260,AMR,female,colombian
CLM,HG01269,AMR,female,colombian
CLM,HG01280,AMR,male,colombian
CLM,HG01362,AMR,male,colombian
CLM,HG01275,AMR,female,colombian
CLM,HG01277,AMR,male,colombian
CLM,HG01488,AMR,male,colombian
CLM,HG01375,AMR,female,colombian
CLM,HG01390,AMR,female,colombian
CLM,HG01435,AMR,female,colombian
CLM,HG01359,AMR,male,colombian
CLM,HG01360,AMR,female,colombian
CLM,HG01377,AMR,male,colombian
CLM,HG01378,AMR,female,colombian
CLM,HG01498,AMR,female,colombian
CLM,HG01383,AMR,male,colombian
CLM,HG01389,AMR,male,colombian
CLM,HG01432,AMR,female,colombian
CLM,HG01491,AMR,male,colombian
CLM,HG01384,AMR,female,colombian
CLM,HG01489,AMR,female,colombian
CLM,HG01497,AMR,male,colombian
CLM,HG01492,AMR,female,colombian
CLM,HG01431,AMR,male,colombian
CLM,HG01495,AMR,female,colombian
CLM,HG01494,AMR,male,colombian
ESN,HG02981,AFR,male,esan
ESN,HG02979,AFR,female,esan
ESN,HG03311,AFR,male,esan
ESN,HG03304,AFR,male,esan
ESN,HG03130,AFR,male,esan
ESN,HG03124,AFR,male,esan
ESN,HG03126,AFR,female,esan
ESN,HG02946,AFR,female,esan
ESN,HG03168,AFR,female,esan
ESN,HG03169,AFR,male,esan
ESN,HG03132,AFR,female,esan
ESN,HG03313,AFR,male,esan
ESN,HG03342,AFR,female,esan
ESN,HG03108,AFR,female,esan
ESN,HG03162,AFR,female,esan
ESN,HG03163,AFR,male,esan
ESN,HG03166,AFR,male,esan
ESN,HG03135,AFR,female,esan
ESN,HG03109,AFR,male,esan
ESN,HG03172,AFR,male,esan
ESN,HG03133,AFR,male,esan
ESN,HG02976,AFR,female,esan
ESN,HG02977,AFR,male,esan
ESN,HG03123,AFR,female,esan
ESN,HG02938,AFR,male,esan
ESN,HG02941,AFR,male,esan
ESN,HG02943,AFR,female,esan
ESN,HG02944,AFR,male,esan
ESN,HG03265,AFR,male,esan
ESN,HG03175,AFR,male,esan
ESN,HG03189,AFR,female,esan
ESN,HG03136,AFR,male,esan
ESN,HG03139,AFR,male,esan
ESN,HG02974,AFR,female,esan
ESN,HG03159,AFR,female,esan
ESN,HG03160,AFR,male,esan
ESN,HG03294,AFR,female,esan
ESN,HG03295,AFR,male,esan
ESN,HG03297,AFR,female,esan
ESN,HG03298,AFR,male,esan
ESN,HG03300,AFR,female,esan
ESN,HG03301,AFR,male,esan
ESN,HG02947,AFR,male,esan
ESN,HG02952,AFR,female,esan
ESN,HG03190,AFR,male,esan
ESN,HG03193,AFR,male,esan
ESN,HG03157,AFR,male,esan
ESN,HG03196,AFR,male,esan
ESN,HG03099,AFR,female,esan
ESN,HG03198,AFR,female,esan
ESN,HG03199,AFR,male,esan
ESN,HG03202,AFR,male,esan
ESN,HG03366,AFR,female,esan
ESN,HG03367,AFR,male,esan
ESN,HG03369,AFR,female,esan
ESN,HG03303,AFR,female,esan
ESN,HG02971,AFR,male,esan
ESN,HG02953,AFR,male,esan
ESN,HG02968,AFR,male,esan
ESN,HG03195,AFR,female,esan
ESN,HG03518,AFR,male,esan
ESN,HG02973,AFR,male,esan
ESN,HG03121,AFR,female,esan
ESN,HG03517,AFR,female,esan
ESN,HG03129,AFR,female,esan
ESN,HG03520,AFR,female,esan
ESN,HG03521,AFR,male,esan
ESN,HG03127,AFR,male,esan
ESN,HG02970,AFR,female,esan
ESN,HG03343,AFR,male,esan
ESN,HG03267,AFR,female,esan
ESN,HG03268,AFR,male,esan
ESN,HG03291,AFR,female,esan
ESN,HG03354,AFR,female,esan
ESN,HG03351,AFR,female,esan
ESN,HG03280,AFR,male,esan
ESN,HG03105,AFR,female,esan
ESN,HG03270,AFR,female,esan
ESN,HG03363,AFR,female,esan
ESN,HG03103,AFR,male,esan
ESN,HG03111,AFR,female,esan
ESN,HG03352,AFR,male,esan
ESN,HG03271,AFR,male,esan
ESN,HG03279,AFR,female,esan
ESN,HG03120,AFR,male,esan
ESN,HG03118,AFR,male,esan
ESN,HG02922,AFR,female,esan
ESN,HG02923,AFR,male,esan
ESN,HG03100,AFR,male,esan
ESN,HG03114,AFR,female,esan
ESN,HG03370,AFR,male,esan
ESN,HG03115,AFR,male,esan
ESN,HG03117,AFR,female,esan
ESN,HG03515,AFR,male,esan
ESN,HG03514,AFR,female,esan
ESN,HG03112,AFR,male,esan
ESN,HG03499,AFR,female,esan
ESN,HG03511,AFR,female,esan
ESN,HG03372,AFR,female,esan
FIN,HG00181,EUR,male,finnish
FIN,HG00189,EUR,male,finnish
FIN,HG00190,EUR,male,finnish
FIN,HG00186,EUR,male,finnish
FIN,HG00171,EUR,female,finnish
FIN,HG00173,EUR,female,finnish
FIN,HG00174,EUR,female,finnish
FIN,HG00176,EUR,female,finnish
FIN,HG00177,EUR,female,finnish
FIN,HG00178,EUR,female,finnish
FIN,HG00179,EUR,female,finnish
FIN,HG00180,EUR,female,finnish
FIN,HG00182,EUR,male,finnish
FIN,HG00183,EUR,male,finnish
FIN,HG00185,EUR,male,finnish
FIN,HG00269,EUR,female,finnish
FIN,HG00271,EUR,male,finnish
FIN,HG00272,EUR,female,finnish
FIN,HG00188,EUR,male,finnish
FIN,HG00274,EUR,female,finnish
FIN,HG00275,EUR,female,finnish
FIN,HG00276,EUR,female,finnish
FIN,HG00277,EUR,male,finnish
FIN,HG00278,EUR,male,finnish
FIN,HG00280,EUR,male,finnish
FIN,HG00266,EUR,female,finnish
FIN,HG00267,EUR,male,finnish
FIN,HG00268,EUR,female,finnish
FIN,HG00285,EUR,female,finnish
FIN,HG00288,EUR,female,finnish
FIN,HG00290,EUR,male,finnish
FIN,HG00304,EUR,female,finnish
FIN,HG00306,EUR,female,finnish
FIN,HG00308,EUR,male,finnish
FIN,HG00309,EUR,female,finnish
FIN,HG00310,EUR,male,finnish
FIN,HG00311,EUR,male,finnish
FIN,HG00313,EUR,female,finnish
FIN,HG00281,EUR,female,finnish
FIN,HG00282,EUR,female,finnish
FIN,HG00284,EUR,male,finnish
FIN,HG00320,EUR,female,finnish
FIN,HG00321,EUR,male,finnish
FIN,HG00323,EUR,female,finnish
FIN,HG00324,EUR,female,finnish
FIN,HG00325,EUR,male,finnish
FIN,HG00326,EUR,female,finnish
FIN,HG00327,EUR,female,finnish
FIN,HG00328,EUR,female,finnish
FIN,HG00329,EUR,male,finnish
FIN,HG00330,EUR,female,finnish
FIN,HG00331,EUR,female,finnish
FIN,HG00332,EUR,female,finnish
FIN,HG00334,EUR,female,finnish
FIN,HG00335,EUR,male,finnish
FIN,HG00336,EUR,male,finnish
FIN,HG00337,EUR,female,finnish
FIN,HG00338,EUR,male,finnish
FIN,HG00339,EUR,female,finnish
FIN,HG00341,EUR,male,finnish
FIN,HG00342,EUR,male,finnish
FIN,HG00343,EUR,female,finnish
FIN,HG00344,EUR,female,finnish
FIN,HG00345,EUR,male,finnish
FIN,HG00346,EUR,female,finnish
FIN,HG00349,EUR,female,finnish
FIN,HG00350,EUR,female,finnish
FIN,HG00351,EUR,male,finnish
FIN,HG00353,EUR,female,finnish
FIN,HG00355,EUR,female,finnish
FIN,HG00356,EUR,female,finnish
FIN,HG00357,EUR,female,finnish
FIN,HG00358,EUR,male,finnish
FIN,HG00360,EUR,male,finnish
FIN,HG00361,EUR,female,finnish
FIN,HG00362,EUR,female,finnish
FIN,HG00364,EUR,female,finnish
FIN,HG00365,EUR,female,finnish
FIN,HG00366,EUR,male,finnish
FIN,HG00367,EUR,female,finnish
FIN,HG00368,EUR,female,finnish
FIN,HG00369,EUR,male,finnish
FIN,HG00371,EUR,male,finnish
FIN,HG00372,EUR,male,finnish
FIN,HG00373,EUR,female,finnish
FIN,HG00375,EUR,male,finnish
FIN,HG00376,EUR,female,finnish
FIN,HG00378,EUR,female,finnish
FIN,HG00379,EUR,female,finnish
FIN,HG00380,EUR,female,finnish
FIN,HG00381,EUR,female,finnish
FIN,HG00382,EUR,male,finnish
FIN,HG00383,EUR,female,finnish
FIN,HG00384,EUR,female,finnish
FIN,HG00318,EUR,female,finnish
FIN,HG00319,EUR,female,finnish
FIN,HG00273,EUR,male,finnish
FIN,HG00315,EUR,female,finnish
FIN,HG00187,EUR,male,finnish
GBR,HG00096,EUR,male,british
GBR,HG00097,EUR,female,british
GBR,HG00099,EUR,female,british
GBR,HG00100,EUR,female,british
GBR,HG00101,EUR,male,british
GBR,HG00102,EUR,female,british
GBR,HG00103,EUR,male,british
GBR,HG00105,EUR,male,british
GBR,HG00106,EUR,female,british
GBR,HG00107,EUR,male,british
GBR,HG00108,EUR,male,british
GBR,HG00109,EUR,male,british
GBR,HG00110,EUR,female,british
GBR,HG00111,EUR,female,british
GBR,HG00112,EUR,male,british
GBR,HG00113,EUR,male,british
GBR,HG00114,EUR,male,british
GBR,HG00115,EUR,male,british
GBR,HG00116,EUR,male,british
GBR,HG00117,EUR,male,british
GBR,HG00118,EUR,female,british
GBR,HG00119,EUR,male,british
GBR,HG00120,EUR,female,british
GBR,HG00121,EUR,female,british
GBR,HG00122,EUR,female,british
GBR,HG00123,EUR,female,british
GBR,HG00125,EUR,female,british
GBR,HG00126,EUR,male,british
GBR,HG00127,EUR,female,british
GBR,HG00128,EUR,female,british
GBR,HG00129,EUR,male,british
GBR,HG00130,EUR,female,british
GBR,HG00131,EUR,male,british
GBR,HG00132,EUR,female,british
GBR,HG00133,EUR,female,british
GBR,HG00136,EUR,male,british
GBR,HG00137,EUR,female,british
GBR,HG00138,EUR,male,british
GBR,HG00139,EUR,male,british
GBR,HG00140,EUR,male,british
GBR,HG00141,EUR,male,british
GBR,HG00142,EUR,male,british
GBR,HG00143,EUR,male,british
GBR,HG00145,EUR,male,british
GBR,HG00146,EUR,female,british
GBR,HG00148,EUR,male,british
GBR,HG00149,EUR,male,british
GBR,HG00150,EUR,female,british
GBR,HG00151,EUR,male,british
GBR,HG00154,EUR,female,british
GBR,HG00155,EUR,male,british
GBR,HG00157,EUR,male,british
GBR,HG00158,EUR,female,british
GBR,HG00159,EUR,male,british
GBR,HG00160,EUR,male,british
GBR,HG00258,EUR,female,british
GBR,HG00259,EUR,female,british
GBR,HG00260,EUR,male,british
GBR,HG00261,EUR,female,british
GBR,HG00262,EUR,female,british
GBR,HG00263,EUR,female,british
GBR,HG00264,EUR,male,british
GBR,HG00265,EUR,male,british
GBR,HG00235,EUR,female,british
GBR,HG00236,EUR,female,british
GBR,HG00237,EUR,female,british
GBR,HG00238,EUR,female,british
GBR,HG00239,EUR,female,british
GBR,HG01334,EUR,male,british
GBR,HG02215,EUR,female,british
GBR,HG00243,EUR,male,british
GBR,HG00244,EUR,male,british
GBR,HG00231,EUR,female,british
GBR,HG00232,EUR,female,british
GBR,HG00233,EUR,female,british
GBR,HG00234,EUR,male,british
GBR,HG00252,EUR,male,british
GBR,HG00253,EUR,female,british
GBR,HG00254,EUR,female,british
GBR,HG00255,EUR,female,british
GBR,HG00256,EUR,male,british
GBR,HG00240,EUR,female,british
GBR,HG00242,EUR,male,british
GBR,HG00250,EUR,female,british
GBR,HG00251,EUR,male,british
GBR,HG00245,EUR,female,british
GBR,HG00246,EUR,male,british
GBR,HG01790,EUR,female,british
GBR,HG01791,EUR,male,british
GBR,HG01789,EUR,male,british
GBR,HG00257,EUR,female,british
GIH,NA20845,SAS,male,gujarati
GIH,NA20846,SAS,male,gujarati
GIH,NA20847,SAS,female,gujarati
GIH,NA20849,SAS,female,gujarati
GIH,NA20850,SAS,male,gujarati
GIH,NA20851,SAS,female,gujarati
GIH,NA20852,SAS,male,gujarati
GIH,NA20853,SAS,female,gujarati
GIH,NA20854,SAS,female,gujarati
GIH,NA20856,SAS,female,gujarati
GIH,NA20858,SAS,male,gujarati
GIH,NA20859,SAS,female,gujarati
GIH,NA20861,SAS,male,gujarati
GIH,NA20862,SAS,female,gujarati
GIH,NA20863,SAS,male,gujarati
GIH,NA20864,SAS,male,gujarati
GIH,NA20866,SAS,male,gujarati
GIH,NA20867,SAS,male,gujarati
GIH,NA20868,SAS,female,gujarati
GIH,NA20869,SAS,female,gujarati
GIH,NA20870,SAS,male,gujarati
GIH,NA20872,SAS,female,gujarati
GIH,NA20874,SAS,female,gujarati
GIH,NA20875,SAS,female,gujarati
GIH,NA20876,SAS,female,gujarati
GIH,NA20877,SAS,female,gujarati
GIH,NA20878,SAS,female,gujarati
GIH,NA20881,SAS,female,gujarati
GIH,NA20882,SAS,female,gujarati
GIH,NA20884,SAS,male,gujarati
GIH,NA20885,SAS,male,gujarati
GIH,NA20886,SAS,female,gujarati
GIH,NA20887,SAS,male,gujarati
GIH,NA20888,SAS,female,gujarati
GIH,NA20889,SAS,male,gujarati
GIH,NA20890,SAS,male,gujarati
GIH,NA20891,SAS,male,gujarati
GIH,NA20892,SAS,female,gujarati
GIH,NA20894,SAS,female,gujarati
GIH,NA20895,SAS,male,gujarati
GIH,NA20896,SAS,female,gujarati
GIH,NA20897,SAS,male,gujarati
GIH,NA20899,SAS,female,gujarati
GIH,NA20900,SAS,female,gujarati
GIH,NA20901,SAS,male,gujarati
GIH,NA20902,SAS,female,gujarati
GIH,NA20903,SAS,male,gujarati
GIH,NA20904,SAS,male,gujarati
GIH,NA20905,SAS,male,gujarati
GIH,NA20906,SAS,female,gujarati
GIH,NA20908,SAS,female,gujarati
GIH,NA20910,SAS,female,gujarati
GIH,NA20911,SAS,male,gujarati
GIH,NA21086,SAS,female,gujarati
GIH,NA21087,SAS,male,gujarati
GIH,NA21088,SAS,female,gujarati
GIH,NA21089,SAS,female,gujarati
GIH,NA21090,SAS,male,gujarati
GIH,NA21091,SAS,male,gujarati
GIH,NA21092,SAS,male,gujarati
GIH,NA21093,SAS,male,gujarati
GIH,NA21094,SAS,male,gujarati
GIH,NA21095,SAS,male,gujarati
GIH,NA21097,SAS,female,gujarati
GIH,NA21098,SAS,male,gujarati
GIH,NA21099,SAS,male,gujarati
GIH,NA21100,SAS,male,gujarati
GIH,NA21101,SAS,female,gujarati
GIH,NA21102,SAS,female,gujarati
GIH,NA21103,SAS,female,gujarati
GIH,NA21104,SAS,male,gujarati
GIH,NA21105,SAS,male,gujarati
GIH,NA21106,SAS,female,gujarati
GIH,NA21107,SAS,male,gujarati
GIH,NA21108,SAS,female,gujarati
GIH,NA21109,SAS,male,gujarati
GIH,NA21110,SAS,female,gujarati
GIH,NA21111,SAS,male,gujarati
GIH,NA21112,SAS,male,gujarati
GIH,NA21113,SAS,male,gujarati
GIH,NA21114,SAS,male,gujarati
GIH,NA21115,SAS,male,gujarati
GIH,NA21116,SAS,male,gujarati
GIH,NA21117,SAS,male,gujarati
GIH,NA21118,SAS,male,gujarati
GIH,NA21119,SAS,male,gujarati
GIH,NA21120,SAS,female,gujarati
GIH,NA21122,SAS,female,gujarati
GIH,NA21123,SAS,male,gujarati
GIH,NA21124,SAS,male,gujarati
GIH,NA21125,SAS,female,gujarati
GIH,NA21126,SAS,male,gujarati
GIH,NA21127,SAS,male,gujarati
GIH,NA21128,SAS,male,gujarati
GIH,NA21129,SAS,male,gujarati
GIH,NA21130,SAS,male,gujarati
GIH,NA21133,SAS,male,gujarati
GIH,NA21135,SAS,male,gujarati
GIH,NA21137,SAS,female,gujarati
GIH,NA21141,SAS,female,gujarati
GIH,NA21142,SAS,female,gujarati
GIH,NA21143,SAS,female,gujarati
GIH,NA21144,SAS,female,gujarati
GWD,HG02464,AFR,male,gambian
GWD,HG02462,AFR,female,gambian
GWD,HG02613,AFR,male,gambian
GWD,HG02646,AFR,female,gambian
GWD,HG02570,AFR,male,gambian
GWD,HG02461,AFR,male,gambian
GWD,HG02568,AFR,female,gambian
GWD,HG02703,AFR,female,gambian
GWD,HG02772,AFR,female,gambian
GWD,HG02585,AFR,male,gambian
GWD,HG02702,AFR,male,gambian
GWD,HG02675,AFR,male,gambian
GWD,HG02562,AFR,female,gambian
GWD,HG02715,AFR,male,gambian
GWD,HG02634,AFR,male,gambian
GWD,HG02561,AFR,male,gambian
GWD,HG02611,AFR,female,gambian
GWD,HG02798,AFR,male,gambian
GWD,HG02571,AFR,female,gambian
GWD,HG02465,AFR,female,gambian
GWD,HG02805,AFR,female,gambian
GWD,HG02807,AFR,male,gambian
GWD,HG02799,AFR,female,gambian
GWD,HG02804,AFR,male,gambian
GWD,HG02721,AFR,male,gambian
GWD,HG02722,AFR,female,gambian
GWD,HG02756,AFR,male,gambian
GWD,HG02716,AFR,female,gambian
GWD,HG02583,AFR,female,gambian
GWD,HG02645,AFR,male,gambian
GWD,HG02820,AFR,female,gambian
GWD,HG02836,AFR,male,gambian
GWD,HG02837,AFR,female,gambian
GWD,HG02839,AFR,male,gambian
GWD,HG02840,AFR,female,gambian
GWD,HG02808,AFR,female,gambian
GWD,HG02757,AFR,female,gambian
GWD,HG02759,AFR,male,gambian
GWD,HG02573,AFR,male,gambian
GWD,HG02635,AFR,female,gambian
GWD,HG02642,AFR,male,gambian
GWD,HG02643,AFR,female,gambian
GWD,HG02582,AFR,male,gambian
GWD,HG02879,AFR,female,gambian
GWD,HG02881,AFR,male,gambian
GWD,HG02882,AFR,female,gambian
GWD,HG02884,AFR,male,gambian
GWD,HG02885,AFR,female,gambian
GWD,HG02851,AFR,male,gambian
GWD,HG02810,AFR,male,gambian
GWD,HG02811,AFR,female,gambian
GWD,HG02813,AFR,male,gambian
GWD,HG02574,AFR,female,gambian
GWD,HG02816,AFR,male,gambian
GWD,HG02817,AFR,female,gambian
GWD,HG02610,AFR,male,gambian
GWD,HG03246,AFR,male,gambian
GWD,HG03247,AFR,female,gambian
GWD,HG03258,AFR,male,gambian
GWD,HG03259,AFR,female,gambian
GWD,HG03539,AFR,female,gambian
GWD,HG02614,AFR,female,gambian
GWD,HG02852,AFR,female,gambian
GWD,HG02854,AFR,male,gambian
GWD,HG02855,AFR,female,gambian
GWD,HG02814,AFR,female,gambian
GWD,HG02763,AFR,female,gambian
GWD,HG02629,AFR,female,gambian
GWD,HG02819,AFR,male,gambian
GWD,HG02878,AFR,male,gambian
GWD,HG02666,AFR,male,gambian
GWD,HG02667,AFR,female,gambian
GWD,HG03024,AFR,male,gambian
GWD,HG02982,AFR,male,gambian
GWD,HG02983,AFR,female,gambian
GWD,HG02620,AFR,male,gambian
GWD,HG02621,AFR,female,gambian
GWD,HG02623,AFR,male,gambian
GWD,HG02760,AFR,female,gambian
GWD,HG02628,AFR,male,gambian
GWD,HG02861,AFR,female,gambian
GWD,HG02870,AFR,female,gambian
GWD,HG03240,AFR,male,gambian
GWD,HG03241,AFR,female,gambian
GWD,HG02768,AFR,male,gambian
GWD,HG02769,AFR,female,gambian
GWD,HG03025,AFR,female,gambian
GWD,HG03027,AFR,male,gambian
GWD,HG02860,AFR,male,gambian
GWD,HG03028,AFR,female,gambian
GWD,HG03039,AFR,male,gambian
GWD,HG02624,AFR,female,gambian
GWD,HG02896,AFR,female,gambian
GWD,HG03048,AFR,male,gambian
GWD,HG02895,AFR,male,gambian
GWD,HG03049,AFR,female,gambian
GWD,HG02887,AFR,male,gambian
GWD,HG02890,AFR,male,gambian
GWD,HG02891,AFR,female,gambian
GWD,HG03538,AFR,male,gambian
GWD,HG03046,AFR,female,gambian
GWD,HG02595,AFR,female,gambian
GWD,HG02888,AFR,female,gambian
GWD,HG02676,AFR,female,gambian
GWD,HG02771,AFR,male,gambian
GWD,HG02589,AFR,female,gambian
GWD,HG02594,AFR,male,gambian
GWD,HG03045,AFR,male,gambian
GWD,HG02588,AFR,male,gambian
GWD,HG02586,AFR,female,gambian
GWD,HG03040,AFR,female,gambian
GWD,HG02679,AFR,female,gambian
GWD,HG02678,AFR,male,gambian
IBS,HG01678,EUR,male,spanish
IBS,HG01525,EUR,female,spanish
IBS,HG01783,EUR,male,spanish
IBS,HG01527,EUR,male,spanish
IBS,HG01676,EUR,female,spanish
IBS,HG01530,EUR,male,spanish
IBS,HG01784,EUR,female,spanish
IBS,HG01528,EUR,female,spanish
IBS,HG01675,EUR,male,spanish
IBS,HG01673,EUR,female,spanish
IBS,HG01531,EUR,female,spanish
IBS,HG01785,EUR,male,spanish
IBS,HG01786,EUR,female,spanish
IBS,HG01766,EUR,female,spanish
IBS,HG01761,EUR,male,spanish
IBS,HG01762,EUR,female,spanish
IBS,HG01765,EUR,male,spanish
IBS,HG01537,EUR,female,spanish
IBS,HG01767,EUR,male,spanish
IBS,HG01768,EUR,female,spanish
IBS,HG01536,EUR,male,spanish
IBS,HG01779,EUR,female,spanish
IBS,HG01672,EUR,male,spanish
IBS,HG01669,EUR,male,spanish
IBS,HG01670,EUR,female,spanish
IBS,HG01503,EUR,male,spanish
IBS,HG01504,EUR,female,spanish
IBS,HG01506,EUR,male,spanish
IBS,HG01679,EUR,female,spanish
IBS,HG01770,EUR,female,spanish
IBS,HG01771,EUR,male,spanish
IBS,HG01773,EUR,female,spanish
IBS,HG01775,EUR,male,spanish
IBS,HG01776,EUR,female,spanish
IBS,HG01777,EUR,male,spanish
IBS,HG01668,EUR,female,spanish
IBS,HG01500,EUR,male,spanish
IBS,HG01501,EUR,female,spanish
IBS,HG01522,EUR,female,spanish
IBS,HG01524,EUR,male,spanish
IBS,HG01620,EUR,female,spanish
IBS,HG01507,EUR,female,spanish
IBS,HG01509,EUR,male,spanish
IBS,HG01510,EUR,female,spanish
IBS,HG01512,EUR,male,spanish
IBS,HG01513,EUR,female,spanish
IBS,HG01515,EUR,male,spanish
IBS,HG01516,EUR,female,spanish
IBS,HG01518,EUR,male,spanish
IBS,HG01519,EUR,female,spanish
IBS,HG01521,EUR,male,spanish
IBS,HG01781,EUR,male,spanish
IBS,HG01699,EUR,male,spanish
IBS,HG01700,EUR,male,spanish
IBS,HG01623,EUR,female,spanish
IBS,HG01624,EUR,male,spanish
IBS,HG01625,EUR,male,spanish
IBS,HG01626,EUR,female,spanish
IBS,HG01628,EUR,female,spanish
IBS,HG01630,EUR,male,spanish
IBS,HG01631,EUR,male,spanish
IBS,HG01632,EUR,female,spanish
IBS,HG02238,EUR,male,spanish
IBS,HG02239,EUR,female,spanish
IBS,HG01697,EUR,female,spanish
IBS,HG01618,EUR,female,spanish
IBS,HG01619,EUR,male,spanish
IBS,HG01602,EUR,female,spanish
IBS,HG01603,EUR,male,spanish
IBS,HG01605,EUR,female,spanish
IBS,HG01680,EUR,male,spanish
IBS,HG01682,EUR,male,spanish
IBS,HG01684,EUR,female,spanish
IBS,HG01685,EUR,female,spanish
IBS,HG01686,EUR,male,spanish
IBS,HG01694,EUR,male,spanish
IBS,HG01695,EUR,female,spanish
IBS,HG01617,EUR,male,spanish
IBS,HG01757,EUR,female,spanish
IBS,HG02219,EUR,male,spanish
IBS,HG02221,EUR,male,spanish
IBS,HG02223,EUR,female,spanish
IBS,HG02224,EUR,male,spanish
IBS,HG01606,EUR,male,spanish
IBS,HG01607,EUR,female,spanish
IBS,HG01608,EUR,male,spanish
IBS,HG01610,EUR,male,spanish
IBS,HG01612,EUR,female,spanish
IBS,HG01613,EUR,female,spanish
IBS,HG01615,EUR,male,spanish
IBS,HG01756,EUR,male,spanish
IBS,HG01704,EUR,female,spanish
IBS,HG02230,EUR,female,spanish
IBS,HG02220,EUR,female,spanish
IBS,HG01702,EUR,female,spanish
IBS,HG02233,EUR,male,spanish
IBS,HG02235,EUR,female,spanish
IBS,HG02231,EUR,male,spanish
IBS,HG02232,EUR,female,spanish
IBS,HG01708,EUR,male,spanish
IBS,HG01709,EUR,male,spanish
IBS,HG02236,EUR,male,spanish
IBS,HG01747,EUR,male,spanish
IBS,HG01705,EUR,male,spanish
IBS,HG01707,EUR,female,spanish
IBS,HG01710,EUR,female,spanish
IBS,HG01746,EUR,female,spanish
ITU,HG03788,SAS,male,indian
ITU,HG03789,SAS,female,indian
ITU,HG03790,SAS,male,indian
ITU,HG03781,SAS,female,indian
ITU,HG03782,SAS,female,indian
ITU,HG03717,SAS,female,indian
ITU,HG03729,SAS,male,indian
ITU,HG03787,SAS,female,indian
ITU,HG03722,SAS,female,indian
ITU,HG03727,SAS,male,indian
ITU,HG03777,SAS,male,indian
ITU,HG03792,SAS,male,indian
ITU,HG03713,SAS,male,indian
ITU,HG03714,SAS,female,indian
ITU,HG03716,SAS,male,indian
ITU,HG04002,SAS,male,indian
ITU,HG03771,SAS,male,indian
ITU,HG03977,SAS,female,indian
ITU,HG03978,SAS,male,indian
ITU,HG03772,SAS,female,indian
ITU,HG03730,SAS,female,indian
ITU,HG03731,SAS,female,indian
ITU,HG04019,SAS,male,indian
ITU,HG04020,SAS,male,indian
ITU,HG04022,SAS,male,indian
ITU,HG04023,SAS,male,indian
ITU,HG04025,SAS,female,indian
ITU,HG04026,SAS,female,indian
ITU,HG03742,SAS,male,indian
ITU,HG03786,SAS,male,indian
ITU,HG03785,SAS,male,indian
ITU,HG04014,SAS,female,indian
ITU,HG04015,SAS,male,indian
ITU,HG03773,SAS,male,indian
ITU,HG03774,SAS,female,indian
ITU,HG03963,SAS,male,indian
ITU,HG03965,SAS,male,indian
ITU,HG03967,SAS,male,indian
ITU,HG03968,SAS,female,indian
ITU,HG03969,SAS,male,indian
ITU,HG03971,SAS,male,indian
ITU,HG03973,SAS,female,indian
ITU,HG03974,SAS,male,indian
ITU,HG03770,SAS,female,indian
ITU,HG04076,SAS,female,indian
ITU,HG04080,SAS,male,indian
ITU,HG04017,SAS,male,indian
ITU,HG04018,SAS,female,indian
ITU,HG04094,SAS,male,indian
ITU,HG03775,SAS,male,indian
ITU,HG04098,SAS,male,indian
ITU,HG03778,SAS,male,indian
ITU,HG03779,SAS,male,indian
ITU,HG03780,SAS,female,indian
ITU,HG04001,SAS,female,indian
ITU,HG04118,SAS,female,indian
ITU,HG03784,SAS,female,indian
ITU,HG03861,SAS,female,indian
ITU,HG03862,SAS,female,indian
ITU,HG04090,SAS,female,indian
ITU,HG04093,SAS,male,indian
ITU,HG03866,SAS,male,indian
ITU,HG03867,SAS,male,indian
ITU,HG03868,SAS,female,indian
ITU,HG03869,SAS,male,indian
ITU,HG03870,SAS,male,indian
ITU,HG03871,SAS,male,indian
ITU,HG03872,SAS,male,indian
ITU,HG03873,SAS,female,indian
ITU,HG03874,SAS,female,indian
ITU,HG03875,SAS,male,indian
ITU,HG03882,SAS,female,indian
ITU,HG03863,SAS,female,indian
ITU,HG03864,SAS,male,indian
ITU,HG03960,SAS,male,indian
ITU,HG04054,SAS,female,indian
ITU,HG04056,SAS,male,indian
ITU,HG04059,SAS,female,indian
ITU,HG04060,SAS,male,indian
ITU,HG04061,SAS,male,indian
ITU,HG04062,SAS,female,indian
ITU,HG04063,SAS,female,indian
ITU,HG04070,SAS,female,indian
ITU,HG03976,SAS,male,indian
ITU,HG04198,SAS,male,indian
ITU,HG04200,SAS,female,indian
ITU,HG04202,SAS,female,indian
ITU,HG04206,SAS,male,indian
ITU,HG04209,SAS,female,indian
ITU,HG04096,SAS,male,indian
ITU,HG04211,SAS,male,indian
ITU,HG04212,SAS,female,indian
ITU,HG04214,SAS,female,indian
ITU,HG04216,SAS,female,indian
ITU,HG04219,SAS,male,indian
ITU,HG04222,SAS,male,indian
ITU,HG04225,SAS,male,indian
ITU,HG03718,SAS,male,indian
ITU,HG03720,SAS,male,indian
ITU,HG04235,SAS,male,indian
ITU,HG04238,SAS,male,indian
ITU,HG04239,SAS,male,indian
JPT,NA18939,EAS,female,japanese
JPT,NA19003,EAS,female,japanese
JPT,NA19004,EAS,male,japanese
JPT,NA19005,EAS,male,japanese
JPT,NA19006,EAS,male,japanese
JPT,NA19007,EAS,male,japanese
JPT,NA19009,EAS,male,japanese
JPT,NA19010,EAS,female,japanese
JPT,NA19011,EAS,female,japanese
JPT,NA19012,EAS,male,japanese
JPT,NA19080,EAS,female,japanese
JPT,NA19081,EAS,female,japanese
JPT,NA19082,EAS,male,japanese
JPT,NA19083,EAS,male,japanese
JPT,NA19084,EAS,female,japanese
JPT,NA19085,EAS,male,japanese
JPT,NA19086,EAS,male,japanese
JPT,NA19087,EAS,female,japanese
JPT,NA19088,EAS,male,japanese
JPT,NA19089,EAS,male,japanese
JPT,NA19090,EAS,female,japanese
JPT,NA19091,EAS,male,japanese
JPT,NA18940,EAS,male,japanese
JPT,NA18941,EAS,female,japanese
JPT,NA18942,EAS,female,japanese
JPT,NA18943,EAS,male,japanese
JPT,NA18944,EAS,male,japanese
JPT,NA18945,EAS,male,japanese
JPT,NA19054,EAS,female,japanese
JPT,NA19055,EAS,male,japanese
JPT,NA19056,EAS,male,japanese
JPT,NA19057,EAS,female,japanese
JPT,NA19058,EAS,male,japanese
JPT,NA19059,EAS,female,japanese
JPT,NA19060,EAS,male,japanese
JPT,NA19062,EAS,male,japanese
JPT,NA19063,EAS,male,japanese
JPT,NA19064,EAS,female,japanese
JPT,NA19065,EAS,female,japanese
JPT,NA19066,EAS,male,japanese
JPT,NA19067,EAS,male,japanese
JPT,NA19068,EAS,male,japanese
JPT,NA19070,EAS,male,japanese
JPT,NA19072,EAS,male,japanese
JPT,NA19074,EAS,female,japanese
JPT,NA19075,EAS,male,japanese
JPT,NA19076,EAS,male,japanese
JPT,NA19077,EAS,female,japanese
JPT,NA19078,EAS,female,japanese
JPT,NA19079,EAS,male,japanese
JPT,NA18970,EAS,male,japanese
JPT,NA18971,EAS,male,japanese
JPT,NA18972,EAS,female,japanese
JPT,NA18973,EAS,female,japanese
JPT,NA18974,EAS,male,japanese
JPT,NA18975,EAS,female,japanese
JPT,NA18976,EAS,female,japanese
JPT,NA18977,EAS,male,japanese
JPT,NA18978,EAS,female,japanese
JPT,NA18979,EAS,female,japanese
JPT,NA18980,EAS,female,japanese
JPT,NA18981,EAS,female,japanese
JPT,NA18982,EAS,male,japanese
JPT,NA18983,EAS,male,japanese
JPT,NA18984,EAS,male,japanese
JPT,NA18985,EAS,male,japanese
JPT,NA18986,EAS,male,japanese
JPT,NA18987,EAS,female,japanese
JPT,NA18946,EAS,female,japanese
JPT,NA18947,EAS,female,japanese
JPT,NA18948,EAS,male,japanese
JPT,NA18949,EAS,female,japanese
JPT,NA18950,EAS,female,japanese
JPT,NA18951,EAS,female,japanese
JPT,NA18952,EAS,male,japanese
JPT,NA18953,EAS,male,japanese
JPT,NA18954,EAS,female,japanese
JPT,NA18956,EAS,female,japanese
JPT,NA18957,EAS,female,japanese
JPT,NA18959,EAS,male,japanese
JPT,NA18960,EAS,male,japanese
JPT,NA18961,EAS,male,japanese
JPT,NA18962,EAS,male,japanese
JPT,NA18963,EAS,female,japanese
JPT,NA18964,EAS,female,japanese
JPT,NA18965,EAS,male,japanese
JPT,NA18966,EAS,male,japanese
JPT,NA18967,EAS,male,japanese
JPT,NA18968,EAS,female,japanese
JPT,NA18969,EAS,female,japanese
JPT,NA18997,EAS,female,japanese
JPT,NA18998,EAS,female,japanese
JPT,NA18999,EAS,female,japanese
JPT,NA19000,EAS,male,japanese
JPT,NA19001,EAS,female,japanese
JPT,NA18988,EAS,male,japanese
JPT,NA18989,EAS,male,japanese
JPT,NA18990,EAS,male,japanese
JPT,NA18991,EAS,female,japanese
JPT,NA18992,EAS,female,japanese
JPT,NA18993,EAS,female,japanese
JPT,NA18994,EAS,male,japanese
JPT,NA18995,EAS,male,japanese
JPT,NA19002,EAS,female,japanese
KHV,HG01852,EAS,male,kinh_vietnamese
KHV,HG02070,EAS,male,kinh_vietnamese
KHV,HG01853,EAS,female,kinh_vietnamese
KHV,HG02512,EAS,male,kinh_vietnamese
KHV,HG02067,EAS,male,kinh_vietnamese
KHV,HG02069,EAS,female,kinh_vietnamese
KHV,HG02064,EAS,male,kinh_vietnamese
KHV,HG02072,EAS,female,kinh_vietnamese
KHV,HG02084,EAS,female,kinh_vietnamese
KHV,HG02513,EAS,female,kinh_vietnamese
KHV,HG01855,EAS,female,kinh_vietnamese
KHV,HG02139,EAS,female,kinh_vietnamese
KHV,HG02019,EAS,female,kinh_vietnamese
KHV,HG02073,EAS,male,kinh_vietnamese
KHV,HG02061,EAS,male,kinh_vietnamese
KHV,HG01850,EAS,female,kinh_vietnamese
KHV,HG02138,EAS,male,kinh_vietnamese
KHV,HG01845,EAS,female,kinh_vietnamese
KHV,HG02521,EAS,male,kinh_vietnamese
KHV,HG02060,EAS,female,kinh_vietnamese
KHV,HG02522,EAS,female,kinh_vietnamese
KHV,HG02142,EAS,female,kinh_vietnamese
KHV,HG02085,EAS,male,kinh_vietnamese
KHV,HG02086,EAS,female,kinh_vietnamese
KHV,HG02058,EAS,male,kinh_vietnamese
KHV,HG02136,EAS,female,kinh_vietnamese
KHV,HG02020,EAS,male,kinh_vietnamese
KHV,HG01859,EAS,female,kinh_vietnamese
KHV,HG01847,EAS,female,kinh_vietnamese
KHV,HG01597,EAS,female,kinh_vietnamese
KHV,HG02081,EAS,female,kinh_vietnamese
KHV,HG01846,EAS,male,kinh_vietnamese
KHV,HG01600,EAS,female,kinh_vietnamese
KHV,HG01857,EAS,female,kinh_vietnamese
KHV,HG02016,EAS,female,kinh_vietnamese
KHV,HG01851,EAS,female,kinh_vietnamese
KHV,HG01871,EAS,female,kinh_vietnamese
KHV,HG02057,EAS,female,kinh_vietnamese
KHV,HG02028,EAS,female,kinh_vietnamese
KHV,HG02029,EAS,male,kinh_vietnamese
KHV,HG02082,EAS,male,kinh_vietnamese
KHV,HG01595,EAS,female,kinh_vietnamese
KHV,HG01848,EAS,female,kinh_vietnamese
KHV,HG01849,EAS,male,kinh_vietnamese
KHV,HG02017,EAS,male,kinh_vietnamese
KHV,HG01599,EAS,female,kinh_vietnamese
KHV,HG02023,EAS,male,kinh_vietnamese
KHV,HG01844,EAS,male,kinh_vietnamese
KHV,HG02131,EAS,male,kinh_vietnamese
KHV,HG01840,EAS,male,kinh_vietnamese
KHV,HG02076,EAS,male,kinh_vietnamese
KHV,HG02133,EAS,female,kinh_vietnamese
KHV,HG02134,EAS,male,kinh_vietnamese
KHV,HG02137,EAS,male,kinh_vietnamese
KHV,HG01860,EAS,male,kinh_vietnamese
KHV,HG01596,EAS,male,kinh_vietnamese
KHV,HG01863,EAS,female,kinh_vietnamese
KHV,HG01598,EAS,female,kinh_vietnamese
KHV,HG01864,EAS,male,kinh_vietnamese
KHV,HG01866,EAS,male,kinh_vietnamese
KHV,HG01867,EAS,male,kinh_vietnamese
KHV,HG01843,EAS,female,kinh_vietnamese
KHV,HG01858,EAS,female,kinh_vietnamese
KHV,HG01870,EAS,female,kinh_vietnamese
KHV,HG02078,EAS,female,kinh_vietnamese
KHV,HG02079,EAS,male,kinh_vietnamese
KHV,HG01873,EAS,male,kinh_vietnamese
KHV,HG01874,EAS,female,kinh_vietnamese
KHV,HG01861,EAS,male,kinh_vietnamese
KHV,HG02140,EAS,female,kinh_vietnamese
KHV,HG02141,EAS,male,kinh_vietnamese
KHV,HG02025,EAS,female,kinh_vietnamese
KHV,HG01865,EAS,male,kinh_vietnamese
KHV,HG02116,EAS,male,kinh_vietnamese
KHV,HG02087,EAS,female,kinh_vietnamese
KHV,HG02031,EAS,female,kinh_vietnamese
KHV,HG02075,EAS,female,kinh_vietnamese
KHV,HG02026,EAS,male,kinh_vietnamese
KHV,HG01872,EAS,male,kinh_vietnamese
KHV,HG01842,EAS,male,kinh_vietnamese
KHV,HG01841,EAS,female,kinh_vietnamese
KHV,HG02113,EAS,female,kinh_vietnamese
KHV,HG01862,EAS,female,kinh_vietnamese
KHV,HG01869,EAS,female,kinh_vietnamese
KHV,HG02122,EAS,male,kinh_vietnamese
KHV,HG02088,EAS,male,kinh_vietnamese
KHV,HG02032,EAS,male,kinh_vietnamese
KHV,HG01878,EAS,female,kinh_vietnamese
KHV,HG02048,EAS,female,kinh_vietnamese
KHV,HG02128,EAS,male,kinh_vietnamese
KHV,HG01868,EAS,female,kinh_vietnamese
KHV,HG02050,EAS,male,kinh_vietnamese
KHV,HG02047,EAS,male,kinh_vietnamese
KHV,HG02035,EAS,male,kinh_vietnamese
KHV,HG02130,EAS,female,kinh_vietnamese
KHV,HG02049,EAS,female,kinh_vietnamese
KHV,HG02040,EAS,male,kinh_vietnamese
KHV,HG02127,EAS,female,kinh_vietnamese
KHV,HG02121,EAS,female,kinh_vietnamese
LWK,NA19017,AFR,female,luhya
LWK,NA19020,AFR,male,luhya
LWK,NA19023,AFR,female,luhya
LWK,NA19024,AFR,female,luhya
LWK,NA19019,AFR,female,luhya
LWK,NA19026,AFR,male,luhya
LWK,NA19027,AFR,male,luhya
LWK,NA19028,AFR,male,luhya
LWK,NA19030,AFR,female,luhya
LWK,NA19031,AFR,male,luhya
LWK,NA19035,AFR,male,luhya
LWK,NA19036,AFR,female,luhya
LWK,NA19037,AFR,female,luhya
LWK,NA19038,AFR,female,luhya
LWK,NA19041,AFR,male,luhya
LWK,NA19042,AFR,female,luhya
LWK,NA19043,AFR,male,luhya
LWK,NA19025,AFR,male,luhya
LWK,NA19307,AFR,male,luhya
LWK,NA19308,AFR,male,luhya
LWK,NA19309,AFR,male,luhya
LWK,NA19310,AFR,female,luhya
LWK,NA19312,AFR,male,luhya
LWK,NA19314,AFR,female,luhya
LWK,NA19315,AFR,female,luhya
LWK,NA19316,AFR,female,luhya
LWK,NA19317,AFR,male,luhya
LWK,NA19318,AFR,male,luhya
LWK,NA19319,AFR,male,luhya
LWK,NA19320,AFR,female,luhya
LWK,NA19321,AFR,female,luhya
LWK,NA19323,AFR,female,luhya
LWK,NA19324,AFR,female,luhya
LWK,NA19327,AFR,female,luhya
LWK,NA19328,AFR,female,luhya
LWK,NA19331,AFR,male,luhya
LWK,NA19332,AFR,female,luhya
LWK,NA19334,AFR,male,luhya
LWK,NA19338,AFR,female,luhya
LWK,NA19346,AFR,male,luhya
LWK,NA19347,AFR,male,luhya
LWK,NA19350,AFR,male,luhya
LWK,NA19351,AFR,female,luhya
LWK,NA19355,AFR,female,luhya
LWK,NA19360,AFR,male,luhya
LWK,NA19372,AFR,male,luhya
LWK,NA19374,AFR,male,luhya
LWK,NA19375,AFR,male,luhya
LWK,NA19376,AFR,male,luhya
LWK,NA19377,AFR,female,luhya
LWK,NA19378,AFR,female,luhya
LWK,NA19379,AFR,female,luhya
LWK,NA19380,AFR,male,luhya
LWK,NA19383,AFR,male,luhya
LWK,NA19384,AFR,male,luhya
LWK,NA19385,AFR,male,luhya
LWK,NA19390,AFR,female,luhya
LWK,NA19391,AFR,female,luhya
LWK,NA19393,AFR,male,luhya
LWK,NA19394,AFR,male,luhya
LWK,NA19395,AFR,female,luhya
LWK,NA19397,AFR,male,luhya
LWK,NA19399,AFR,female,luhya
LWK,NA19401,AFR,female,luhya
LWK,NA19403,AFR,female,luhya
LWK,NA19404,AFR,female,luhya
LWK,NA19428,AFR,male,luhya
LWK,NA19429,AFR,male,luhya
LWK,NA19430,AFR,male,luhya
LWK,NA19431,AFR,female,luhya
LWK,NA19434,AFR,female,luhya
LWK,NA19435,AFR,female,luhya
LWK,NA19436,AFR,female,luhya
LWK,NA19437,AFR,female,luhya
LWK,NA19438,AFR,female,luhya
LWK,NA19439,AFR,female,luhya
LWK,NA19440,AFR,female,luhya
LWK,NA19443,AFR,male,luhya
LWK,NA19445,AFR,female,luhya
LWK,NA19446,AFR,female,luhya
LWK,NA19448,AFR,male,luhya
LWK,NA19449,AFR,female,luhya
LWK,NA19451,AFR,male,luhya
LWK,NA19452,AFR,male,luhya
LWK,NA19454,AFR,male,luhya
LWK,NA19455,AFR,male,luhya
LWK,NA19456,AFR,female,luhya
LWK,NA19457,AFR,female,luhya
LWK,NA19461,AFR,male,luhya
LWK,NA19462,AFR,female,luhya
LWK,NA19463,AFR,female,luhya
LWK,NA19466,AFR,male,luhya
LWK,NA19467,AFR,female,luhya
LWK,NA19468,AFR,female,luhya
LWK,NA19471,AFR,female,luhya
LWK,NA19472,AFR,female,luhya
LWK,NA19473,AFR,female,luhya
LWK,NA19474,AFR,female,luhya
LWK,NA19475,AFR,female,luhya
MSL,HG03432,AFR,male,mende
MSL,HG03088,AFR,female,mende
MSL,HG03397,AFR,male,mende
MSL,HG03086,AFR,female,mende
MSL,HG03081,AFR,male,mende
MSL,HG03428,AFR,female,mende
MSL,HG03085,AFR,female,mende
MSL,HG03079,AFR,female,mende
MSL,HG03547,AFR,male,mende
MSL,HG03484,AFR,male,mende
MSL,HG03084,AFR,male,mende
MSL,HG03485,AFR,female,mende
MSL,HG03394,AFR,male,mende
MSL,HG03548,AFR,female,mende
MSL,HG03082,AFR,female,mende
MSL,HG03212,AFR,female,mende
MSL,HG03419,AFR,female,mende
MSL,HG03052,AFR,female,mende
MSL,HG03458,AFR,female,mende
MSL,HG03433,AFR,male,mende
MSL,HG03072,AFR,male,mende
MSL,HG03457,AFR,male,mende
MSL,HG03073,AFR,female,mende
MSL,HG03074,AFR,male,mende
MSL,HG03077,AFR,male,mende
MSL,HG03078,AFR,male,mende
MSL,HG03449,AFR,female,mende
MSL,HG03401,AFR,female,mende
MSL,HG03410,AFR,female,mende
MSL,HG03455,AFR,female,mende
MSL,HG03224,AFR,male,mende
MSL,HG03225,AFR,male,mende
MSL,HG03460,AFR,male,mende
MSL,HG03436,AFR,male,mende
MSL,HG03437,AFR,female,mende
MSL,HG03096,AFR,male,mende
MSL,HG03097,AFR,female,mende
MSL,HG03385,AFR,male,mende
MSL,HG03388,AFR,male,mende
MSL,HG03391,AFR,male,mende
MSL,HG03451,AFR,male,mende
MSL,HG03452,AFR,female,mende
MSL,HG03479,AFR,female,mende
MSL,HG03057,AFR,male,mende
MSL,HG03058,AFR,female,mende
MSL,HG03060,AFR,male,mende
MSL,HG03091,AFR,female,mende
MSL,HG03095,AFR,female,mende
MSL,HG03558,AFR,female,mende
MSL,HG03439,AFR,male,mende
MSL,HG03442,AFR,male,mende
MSL,HG03445,AFR,male,mende
MSL,HG03446,AFR,female,mende
MSL,HG03567,AFR,female,mende
MSL,HG03054,AFR,male,mende
MSL,HG03055,AFR,female,mende
MSL,HG03575,AFR,female,mende
MSL,HG03577,AFR,male,mende
MSL,HG03578,AFR,female,mende
MSL,HG03556,AFR,male,mende
MSL,HG03557,AFR,female,mende
MSL,HG03464,AFR,female,mende
MSL,HG03469,AFR,male,mende
MSL,HG03470,AFR,female,mende
MSL,HG03472,AFR,male,mende
MSL,HG03473,AFR,female,mende
MSL,HG03565,AFR,male,mende
MSL,HG03571,AFR,male,mende
MSL,HG03572,AFR,female,mende
MSL,HG03209,AFR,male,mende
MSL,HG03376,AFR,male,mende
MSL,HG03378,AFR,female,mende
MSL,HG03583,AFR,female,mende
MSL,HG03461,AFR,female,mende
MSL,HG03563,AFR,female,mende
MSL,HG03063,AFR,male,mende
MSL,HG03380,AFR,female,mende
MSL,HG03382,AFR,male,mende
MSL,HG03478,AFR,male,mende
MSL,HG03559,AFR,male,mende
MSL,HG03064,AFR,female,mende
MSL,HG03476,AFR,female,mende
MSL,HG03061,AFR,female,mende
MSL,HG03066,AFR,male,mende
MSL,HG03069,AFR,male,mende
MXL,NA19652,AMR,male,mexican_american
MXL,NA19654,AMR,female,mexican_american
MXL,NA19655,AMR,male,mexican_american
MXL,NA19679,AMR,male,mexican_american
MXL,NA19681,AMR,female,mexican_american
MXL,NA19682,AMR,male,mexican_american
MXL,NA19684,AMR,female,mexican_american
MXL,NA19678,AMR,female,mexican_american
MXL,NA19717,AMR,male,mexican_american
MXL,NA19719,AMR,female,mexican_american
MXL,NA19720,AMR,male,mexican_american
MXL,NA19722,AMR,female,mexican_american
MXL,NA19657,AMR,female,mexican_american
MXL,NA19658,AMR,male,mexican_american
MXL,NA19661,AMR,male,mexican_american
MXL,NA19663,AMR,female,mexican_american
MXL,NA19664,AMR,male,mexican_american
MXL,NA19669,AMR,female,mexican_american
MXL,NA19670,AMR,male,mexican_american
MXL,NA19676,AMR,male,mexican_american
MXL,NA19716,AMR,female,mexican_american
MXL,NA19740,AMR,female,mexican_american
MXL,NA19741,AMR,male,mexican_american
MXL,NA19746,AMR,female,mexican_american
MXL,NA19747,AMR,male,mexican_american
MXL,NA19749,AMR,female,mexican_american
MXL,NA19750,AMR,male,mexican_american
MXL,NA19752,AMR,female,mexican_american
MXL,NA19755,AMR,female,mexican_american
MXL,NA19756,AMR,male,mexican_american
MXL,NA19758,AMR,female,mexican_american
MXL,NA19759,AMR,male,mexican_american
MXL,NA19761,AMR,female,mexican_american
MXL,NA19762,AMR,male,mexican_american
MXL,NA19764,AMR,female,mexican_american
MXL,NA19770,AMR,female,mexican_american
MXL,NA19771,AMR,male,mexican_american
MXL,NA19773,AMR,female,mexican_american
MXL,NA19774,AMR,male,mexican_american
MXL,NA19776,AMR,female,mexican_american
MXL,NA19777,AMR,male,mexican_american
MXL,NA19779,AMR,female,mexican_american
MXL,NA19780,AMR,male,mexican_american
MXL,NA19782,AMR,female,mexican_american
MXL,NA19783,AMR,male,mexican_american
MXL,NA19785,AMR,female,mexican_american
MXL,NA19786,AMR,male,mexican_american
MXL,NA19788,AMR,female,mexican_american
MXL,NA19789,AMR,male,mexican_american
MXL,NA19792,AMR,male,mexican_american
MXL,NA19794,AMR,female,mexican_american
MXL,NA19795,AMR,male,mexican_american
MXL,NA19723,AMR,male,mexican_american
MXL,NA19725,AMR,female,mexican_american
MXL,NA19726,AMR,male,mexican_american
MXL,NA19728,AMR,female,mexican_american
MXL,NA19729,AMR,male,mexican_american
MXL,NA19731,AMR,female,mexican_american
MXL,NA19732,AMR,male,mexican_american
MXL,NA19734,AMR,female,mexican_american
MXL,NA19735,AMR,male,mexican_american
MXL,NA19648,AMR,female,mexican_american
MXL,NA19649,AMR,male,mexican_american
MXL,NA19651,AMR,female,mexican_american
PEL,HG01577,AMR,male,peruvian
PEL,HG01578,AMR,female,peruvian
PEL,HG01572,AMR,female,peruvian
PEL,HG01921,AMR,female,peruvian
PEL,HG02345,AMR,female,peruvian
PEL,HG02348,AMR,female,peruvian
PEL,HG01923,AMR,male,peruvian
PEL,HG01924,AMR,female,peruvian
PEL,HG01565,AMR,male,peruvian
PEL,HG01566,AMR,female,peruvian
PEL,HG01571,AMR,male,peruvian
PEL,HG02252,AMR,female,peruvian
PEL,HG01991,AMR,male,peruvian
PEL,HG01992,AMR,female,peruvian
PEL,HG01926,AMR,male,peruvian
PEL,HG01927,AMR,female,peruvian
PEL,HG02003,AMR,female,peruvian
PEL,HG02006,AMR,female,peruvian
PEL,HG02008,AMR,male,peruvian
PEL,HG02266,AMR,female,peruvian
PEL,HG02271,AMR,male,peruvian
PEL,HG02272,AMR,female,peruvian
PEL,HG02274,AMR,male,peruvian
PEL,HG02275,AMR,female,peruvian
PEL,HG02277,AMR,male,peruvian
PEL,HG02089,AMR,female,peruvian
PEL,HG01970,AMR,male,peruvian
PEL,HG02312,AMR,female,peruvian
PEL,HG01973,AMR,female,peruvian
PEL,HG01892,AMR,male,peruvian
PEL,HG01893,AMR,female,peruvian
PEL,HG01977,AMR,male,peruvian
PEL,HG01979,AMR,male,peruvian
PEL,HG01980,AMR,female,peruvian
PEL,HG01982,AMR,male,peruvian
PEL,HG01938,AMR,male,peruvian
PEL,HG01917,AMR,male,peruvian
PEL,HG01918,AMR,female,peruvian
PEL,HG01920,AMR,male,peruvian
PEL,HG02278,AMR,female,peruvian
PEL,HG02253,AMR,male,peruvian
PEL,HG01997,AMR,female,peruvian
PEL,HG02002,AMR,male,peruvian
PEL,HG02150,AMR,male,peruvian
PEL,HG01932,AMR,male,peruvian
PEL,HG01933,AMR,female,peruvian
PEL,HG01935,AMR,male,peruvian
PEL,HG01936,AMR,female,peruvian
PEL,HG02298,AMR,female,peruvian
PEL,HG01939,AMR,female,peruvian
PEL,HG01941,AMR,male,peruvian
PEL,HG01942,AMR,female,peruvian
PEL,HG01968,AMR,female,peruvian
PEL,HG01945,AMR,female,peruvian
PEL,HG02090,AMR,male,peruvian
PEL,HG01948,AMR,female,peruvian
PEL,HG02102,AMR,female,peruvian
PEL,HG02285,AMR,male,peruvian
PEL,HG02286,AMR,female,peruvian
PEL,HG02291,AMR,male,peruvian
PEL,HG02292,AMR,female,peruvian
PEL,HG01967,AMR,male,peruvian
PEL,HG02299,AMR,male,peruvian
PEL,HG02301,AMR,female,peruvian
PEL,HG02304,AMR,male,peruvian
PEL,HG01974,AMR,male,peruvian
PEL,HG01944,AMR,male,peruvian
PEL,HG01971,AMR,female,peruvian
PEL,HG02146,AMR,male,peruvian
PEL,HG02265,AMR,male,peruvian
PEL,HG01976,AMR,female,peruvian
PEL,HG02260,AMR,female,peruvian
PEL,HG02262,AMR,male,peruvian
PEL,HG01965,AMR,female,peruvian
PEL,HG02147,AMR,female,peruvian
PEL,HG02259,AMR,male,peruvian
PEL,HG01961,AMR,male,peruvian
PEL,HG01947,AMR,male,peruvian
PEL,HG01954,AMR,female,peruvian
PEL,HG01953,AMR,male,peruvian
PEL,HG02104,AMR,male,peruvian
PEL,HG02105,AMR,female,peruvian
PEL,HG01951,AMR,female,peruvian
PEL,HG01950,AMR,male,peruvian
PEL,HG02425,AMR,female,peruvian
PJL,HG02654,SAS,male,punjabi
PJL,HG03660,SAS,male,punjabi
PJL,HG02603,SAS,male,punjabi
PJL,HG02660,SAS,male,punjabi
PJL,HG03663,SAS,male,punjabi
PJL,HG02658,SAS,female,punjabi
PJL,HG02652,SAS,female,punjabi
PJL,HG02681,SAS,male,punjabi
PJL,HG03667,SAS,male,punjabi
PJL,HG03668,SAS,female,punjabi
PJL,HG02737,SAS,female,punjabi
PJL,HG03238,SAS,female,punjabi
PJL,HG02600,SAS,male,punjabi
PJL,HG02604,SAS,female,punjabi
PJL,HG03021,SAS,male,punjabi
PJL,HG03705,SAS,male,punjabi
PJL,HG03649,SAS,male,punjabi
PJL,HG02655,SAS,female,punjabi
PJL,HG02657,SAS,male,punjabi
PJL,HG02684,SAS,male,punjabi
PJL,HG01593,SAS,female,punjabi
PJL,HG03016,SAS,female,punjabi
PJL,HG02601,SAS,female,punjabi
PJL,HG02691,SAS,female,punjabi
PJL,HG03015,SAS,male,punjabi
PJL,HG02792,SAS,male,punjabi
PJL,HG03652,SAS,male,punjabi
PJL,HG03653,SAS,female,punjabi
PJL,HG02700,SAS,female,punjabi
PJL,HG02778,SAS,female,punjabi
PJL,HG02734,SAS,female,punjabi
PJL,HG02736,SAS,male,punjabi
PJL,HG03624,SAS,male,punjabi
PJL,HG02685,SAS,female,punjabi
PJL,HG02687,SAS,male,punjabi
PJL,HG02688,SAS,female,punjabi
PJL,HG02690,SAS,male,punjabi
PJL,HG03640,SAS,female,punjabi
PJL,HG01583,SAS,male,punjabi
PJL,HG02697,SAS,female,punjabi
PJL,HG02699,SAS,male,punjabi
PJL,HG02651,SAS,male,punjabi
PJL,HG01589,SAS,male,punjabi
PJL,HG02780,SAS,male,punjabi
PJL,HG02682,SAS,female,punjabi
PJL,HG03488,SAS,female,punjabi
PJL,HG03625,SAS,female,punjabi
PJL,HG03629,SAS,male,punjabi
PJL,HG03631,SAS,female,punjabi
PJL,HG02597,SAS,male,punjabi
PJL,HG02661,SAS,female,punjabi
PJL,HG03019,SAS,female,punjabi
PJL,HG02648,SAS,male,punjabi
PJL,HG02649,SAS,female,punjabi
PJL,HG03703,SAS,female,punjabi
PJL,HG03702,SAS,male,punjabi
PJL,HG02733,SAS,male,punjabi
PJL,HG03619,SAS,female,punjabi
PJL,HG03709,SAS,female,punjabi
PJL,HG03490,SAS,male,punjabi
PJL,HG03706,SAS,female,punjabi
PJL,HG03708,SAS,male,punjabi
PJL,HG02694,SAS,female,punjabi
PJL,HG03636,SAS,male,punjabi
PJL,HG02790,SAS,female,punjabi
PJL,HG02725,SAS,female,punjabi
PJL,HG03491,SAS,female,punjabi
PJL,HG02696,SAS,male,punjabi
PJL,HG02728,SAS,female,punjabi
PJL,HG02774,SAS,male,punjabi
PJL,HG03762,SAS,female,punjabi
PJL,HG02783,SAS,male,punjabi
PJL,HG03634,SAS,female,punjabi
PJL,HG02775,SAS,female,punjabi
PJL,HG02731,SAS,female,punjabi
PJL,HG02727,SAS,male,punjabi
PJL,HG01586,SAS,male,punjabi
PJL,HG02494,SAS,female,punjabi
PJL,HG02493,SAS,male,punjabi
PJL,HG02789,SAS,male,punjabi
PJL,HG03228,SAS,male,punjabi
PJL,HG03767,SAS,male,punjabi
PJL,HG02490,SAS,male,punjabi
PJL,HG03235,SAS,female,punjabi
PJL,HG03765,SAS,female,punjabi
PJL,HG02491,SAS,female,punjabi
PJL,HG02793,SAS,female,punjabi
PJL,HG03229,SAS,female,punjabi
PJL,HG02787,SAS,female,punjabi
PJL,HG03022,SAS,female,punjabi
PJL,HG03018,SAS,male,punjabi
PJL,HG02786,SAS,male,punjabi
PJL,HG03234,SAS,male,punjabi
PJL,HG02724,SAS,male,punjabi
PJL,HG02784,SAS,female,punjabi
PJL,HG03237,SAS,male,punjabi
PUR,HG00553,AMR,male,puerto_rican
PUR,HG00551,AMR,female,puerto_rican
PUR,HG00638,AMR,female,puerto_rican
PUR,HG00731,AMR,male,puerto_rican
PUR,HG00637,AMR,male,puerto_rican
PUR,HG00736,AMR,male,puerto_rican
PUR,HG00737,AMR,female,puerto_rican
PUR,HG00739,AMR,male,puerto_rican
PUR,HG00740,AMR,female,puerto_rican
PUR,HG00742,AMR,male,puerto_rican
PUR,HG00743,AMR,female,puerto_rican
PUR,HG00640,AMR,male,puerto_rican
PUR,HG00641,AMR,female,puerto_rican
PUR,HG00554,AMR,female,puerto_rican
PUR,HG01325,AMR,male,puerto_rican
PUR,HG01326,AMR,female,puerto_rican
PUR,HG00732,AMR,female,puerto_rican
PUR,HG00734,AMR,female,puerto_rican
PUR,HG01098,AMR,female,puerto_rican
PUR,HG01101,AMR,male,puerto_rican
PUR,HG01102,AMR,female,puerto_rican
PUR,HG01104,AMR,male,puerto_rican
PUR,HG01105,AMR,female,puerto_rican
PUR,HG01107,AMR,male,puerto_rican
PUR,HG01311,AMR,male,puerto_rican
PUR,HG01312,AMR,female,puerto_rican
PUR,HG01323,AMR,female,puerto_rican
PUR,HG01048,AMR,male,puerto_rican
PUR,HG01049,AMR,female,puerto_rican
PUR,HG01051,AMR,male,puerto_rican
PUR,HG01052,AMR,female,puerto_rican
PUR,HG01054,AMR,male,puerto_rican
PUR,HG01055,AMR,female,puerto_rican
PUR,HG01058,AMR,female,puerto_rican
PUR,HG01060,AMR,male,puerto_rican
PUR,HG01061,AMR,female,puerto_rican
PUR,HG01063,AMR,male,puerto_rican
PUR,HG01108,AMR,female,puerto_rican
PUR,HG01110,AMR,male,puerto_rican
PUR,HG01047,AMR,male,puerto_rican
PUR,HG01069,AMR,male,puerto_rican
PUR,HG01070,AMR,female,puerto_rican
PUR,HG01072,AMR,male,puerto_rican
PUR,HG01073,AMR,female,puerto_rican
PUR,HG01075,AMR,male,puerto_rican
PUR,HG01077,AMR,female,puerto_rican
PUR,HG01079,AMR,male,puerto_rican
PUR,HG01080,AMR,female,puerto_rican
PUR,HG01082,AMR,male,puerto_rican
PUR,HG01083,AMR,female,puerto_rican
PUR,HG01085,AMR,male,puerto_rican
PUR,HG01086,AMR,female,puerto_rican
PUR,HG01088,AMR,male,puerto_rican
PUR,HG01089,AMR,female,puerto_rican
PUR,HG01092,AMR,female,puerto_rican
PUR,HG01094,AMR,male,puerto_rican
PUR,HG01095,AMR,female,puerto_rican
PUR,HG01183,AMR,female,puerto_rican
PUR,HG01187,AMR,male,puerto_rican
PUR,HG01188,AMR,female,puerto_rican
PUR,HG01190,AMR,male,puerto_rican
PUR,HG01191,AMR,female,puerto_rican
PUR,HG01197,AMR,male,puerto_rican
PUR,HG01198,AMR,female,puerto_rican
PUR,HG01200,AMR,male,puerto_rican
PUR,HG01204,AMR,male,puerto_rican
PUR,HG01111,AMR,female,puerto_rican
PUR,HG01241,AMR,male,puerto_rican
PUR,HG01242,AMR,female,puerto_rican
PUR,HG01247,AMR,male,puerto_rican
PUR,HG01248,AMR,female,puerto_rican
PUR,HG01167,AMR,male,puerto_rican
PUR,HG01161,AMR,male,puerto_rican
PUR,HG01162,AMR,female,puerto_rican
PUR,HG01164,AMR,male,puerto_rican
PUR,HG01067,AMR,female,puerto_rican
PUR,HG01168,AMR,female,puerto_rican
PUR,HG01064,AMR,female,puerto_rican
PUR,HG01066,AMR,male,puerto_rican
PUR,HG01182,AMR,male,puerto_rican
PUR,HG01174,AMR,female,puerto_rican
PUR,HG01176,AMR,male,puerto_rican
PUR,HG01177,AMR,female,puerto_rican
PUR,HG01393,AMR,female,puerto_rican
PUR,HG01286,AMR,male,puerto_rican
PUR,HG01097,AMR,male,puerto_rican
PUR,HG01392,AMR,male,puerto_rican
PUR,HG01171,AMR,female,puerto_rican
PUR,HG01173,AMR,male,puerto_rican
PUR,HG01302,AMR,male,puerto_rican
PUR,HG01170,AMR,male,puerto_rican
PUR,HG01413,AMR,male,puerto_rican
PUR,HG01414,AMR,female,puerto_rican
PUR,HG01205,AMR,female,puerto_rican
PUR,HG01412,AMR,male,puerto_rican
PUR,HG01303,AMR,female,puerto_rican
PUR,HG01305,AMR,male,puerto_rican
PUR,HG01308,AMR,male,puerto_rican
PUR,HG01395,AMR,male,puerto_rican
PUR,HG01403,AMR,female,puerto_rican
PUR,HG01396,AMR,female,puerto_rican
PUR,HG01398,AMR,male,puerto_rican
PUR,HG01405,AMR,male,puerto_rican
PUR,HG01402,AMR,male,puerto_rican
STU,HG03837,SAS,male,sri_lankan
STU,HG03856,SAS,male,sri_lankan
STU,HG03642,SAS,female,sri_lankan
STU,HG03645,SAS,female,sri_lankan
STU,HG03646,SAS,male,sri_lankan
STU,HG03836,SAS,female,sri_lankan
STU,HG04006,SAS,male,sri_lankan
STU,HG03999,SAS,male,sri_lankan
STU,HG03741,SAS,female,sri_lankan
STU,HG03857,SAS,female,sri_lankan
STU,HG04003,SAS,male,sri_lankan
STU,HG03744,SAS,male,sri_lankan
STU,HG03745,SAS,male,sri_lankan
STU,HG03746,SAS,male,sri_lankan
STU,HG03750,SAS,male,sri_lankan
STU,HG03752,SAS,female,sri_lankan
STU,HG03753,SAS,male,sri_lankan
STU,HG03754,SAS,female,sri_lankan
STU,HG03755,SAS,male,sri_lankan
STU,HG03998,SAS,male,sri_lankan
STU,HG03757,SAS,female,sri_lankan
STU,HG03760,SAS,female,sri_lankan
STU,HG03947,SAS,female,sri_lankan
STU,HG03743,SAS,male,sri_lankan
STU,HG03697,SAS,male,sri_lankan
STU,HG03900,SAS,male,sri_lankan
STU,HG03698,SAS,female,sri_lankan
STU,HG03985,SAS,male,sri_lankan
STU,HG03986,SAS,female,sri_lankan
STU,HG03989,SAS,female,sri_lankan
STU,HG03990,SAS,male,sri_lankan
STU,HG03991,SAS,male,sri_lankan
STU,HG03756,SAS,female,sri_lankan
STU,HG03851,SAS,male,sri_lankan
STU,HG03854,SAS,male,sri_lankan
STU,HG04106,SAS,female,sri_lankan
STU,HG04107,SAS,male,sri_lankan
STU,HG03643,SAS,female,sri_lankan
STU,HG03644,SAS,male,sri_lankan
STU,HG04229,SAS,male,sri_lankan
STU,HG03684,SAS,female,sri_lankan
STU,HG03685,SAS,male,sri_lankan
STU,HG03686,SAS,male,sri_lankan
STU,HG03687,SAS,male,sri_lankan
STU,HG03689,SAS,female,sri_lankan
STU,HG03995,SAS,female,sri_lankan
STU,HG03738,SAS,male,sri_lankan
STU,HG03740,SAS,male,sri_lankan
STU,HG03672,SAS,male,sri_lankan
STU,HG03673,SAS,female,sri_lankan
STU,HG03679,SAS,male,sri_lankan
STU,HG03680,SAS,male,sri_lankan
STU,HG03681,SAS,male,sri_lankan
STU,HG03950,SAS,male,sri_lankan
STU,HG03838,SAS,female,sri_lankan
STU,HG03844,SAS,male,sri_lankan
STU,HG03846,SAS,male,sri_lankan
STU,HG03848,SAS,male,sri_lankan
STU,HG03690,SAS,female,sri_lankan
STU,HG03691,SAS,male,sri_lankan
STU,HG03692,SAS,female,sri_lankan
STU,HG03693,SAS,male,sri_lankan
STU,HG03694,SAS,male,sri_lankan
STU,HG03695,SAS,male,sri_lankan
STU,HG03696,SAS,male,sri_lankan
STU,HG04075,SAS,female,sri_lankan
STU,HG03899,SAS,male,sri_lankan
STU,HG03951,SAS,female,sri_lankan
STU,HG03953,SAS,male,sri_lankan
STU,HG03955,SAS,female,sri_lankan
STU,HG04047,SAS,female,sri_lankan
STU,HG03849,SAS,female,sri_lankan
STU,HG03850,SAS,male,sri_lankan
STU,HG03711,SAS,male,sri_lankan
STU,HG04100,SAS,male,sri_lankan
STU,HG03944,SAS,female,sri_lankan
STU,HG03945,SAS,female,sri_lankan
STU,HG04029,SAS,female,sri_lankan
STU,HG04227,SAS,female,sri_lankan
STU,HG03858,SAS,female,sri_lankan
STU,HG04035,SAS,female,sri_lankan
STU,HG04038,SAS,female,sri_lankan
STU,HG04039,SAS,male,sri_lankan
STU,HG04042,SAS,female,sri_lankan
STU,HG03887,SAS,male,sri_lankan
STU,HG03733,SAS,female,sri_lankan
STU,HG03736,SAS,female,sri_lankan
STU,HG03943,SAS,male,sri_lankan
STU,HG03895,SAS,female,sri_lankan
STU,HG03896,SAS,male,sri_lankan
STU,HG03897,SAS,female,sri_lankan
STU,HG03949,SAS,female,sri_lankan
STU,HG04033,SAS,male,sri_lankan
STU,HG03886,SAS,female,sri_lankan
STU,HG03888,SAS,female,sri_lankan
STU,HG03890,SAS,male,sri_lankan
STU,HG03884,SAS,female,sri_lankan
STU,HG04099,SAS,female,sri_lankan
STU,HG03885,SAS,male,sri_lankan
STU,HG04210,SAS,male,sri_lankan
STU,HG03894,SAS,female,sri_lankan
STU,HG03898,SAS,female,sri_lankan
TSI,NA20502,EUR,female,tuscan
TSI,NA20503,EUR,female,tuscan
TSI,NA20504,EUR,female,tuscan
TSI,NA20505,EUR,female,tuscan
TSI,NA20506,EUR,female,tuscan
TSI,NA20507,EUR,female,tuscan
TSI,NA20508,EUR,female,tuscan
TSI,NA20509,EUR,male,tuscan
TSI,NA20510,EUR,male,tuscan
TSI,NA20511,EUR,male,tuscan
TSI,NA20512,EUR,male,tuscan
TSI,NA20513,EUR,male,tuscan
TSI,NA20514,EUR,female,tuscan
TSI,NA20515,EUR,male,tuscan
TSI,NA20516,EUR,male,tuscan
TSI,NA20517,EUR,female,tuscan
TSI,NA20518,EUR,male,tuscan
TSI,NA20519,EUR,male,tuscan
TSI,NA20520,EUR,male,tuscan
TSI,NA20521,EUR,male,tuscan
TSI,NA20522,EUR,female,tuscan
TSI,NA20524,EUR,male,tuscan
TSI,NA20525,EUR,male,tuscan
TSI,NA20527,EUR,male,tuscan
TSI,NA20528,EUR,male,tuscan
TSI,NA20529,EUR,female,tuscan
TSI,NA20530,EUR,female,tuscan
TSI,NA20531,EUR,female,tuscan
TSI,NA20532,EUR,male,tuscan
TSI,NA20533,EUR,female,tuscan
TSI,NA20534,EUR,male,tuscan
TSI,NA20535,EUR,female,tuscan
TSI,NA20536,EUR,male,tuscan
TSI,NA20538,EUR,male,tuscan
TSI,NA20539,EUR,male,tuscan
TSI,NA20540,EUR,female,tuscan
TSI,NA20541,EUR,female,tuscan
TSI,NA20542,EUR,female,tuscan
TSI,NA20543,EUR,male,tuscan
TSI,NA20544,EUR,male,tuscan
TSI,NA20581,EUR,male,tuscan
TSI,NA20582,EUR,female,tuscan
TSI,NA20585,EUR,female,tuscan
TSI,NA20586,EUR,male,tuscan
TSI,NA20587,EUR,female,tuscan
TSI,NA20588,EUR,male,tuscan
TSI,NA20589,EUR,female,tuscan
TSI,NA20752,EUR,male,tuscan
TSI,NA20753,EUR,female,tuscan
TSI,NA20754,EUR,male,tuscan
TSI,NA20755,EUR,male,tuscan
TSI,NA20756,EUR,female,tuscan
TSI,NA20757,EUR,female,tuscan
TSI,NA20758,EUR,male,tuscan
TSI,NA20759,EUR,male,tuscan
TSI,NA20760,EUR,female,tuscan
TSI,NA20761,EUR,female,tuscan
TSI,NA20762,EUR,male,tuscan
TSI,NA20763,EUR,male,tuscan
TSI,NA20764,EUR,female,tuscan
TSI,NA20765,EUR,male,tuscan
TSI,NA20766,EUR,female,tuscan
TSI,NA20767,EUR,male,tuscan
TSI,NA20768,EUR,female,tuscan
TSI,NA20769,EUR,female,tuscan
TSI,NA20770,EUR,male,tuscan
TSI,NA20771,EUR,female,tuscan
TSI,NA20772,EUR,female,tuscan
TSI,NA20773,EUR,female,tuscan
TSI,NA20774,EUR,female,tuscan
TSI,NA20775,EUR,female,tuscan
TSI,NA20778,EUR,male,tuscan
TSI,NA20783,EUR,male,tuscan
TSI,NA20785,EUR,male,tuscan
TSI,NA20786,EUR,female,tuscan
TSI,NA20787,EUR,male,tuscan
TSI,NA20790,EUR,female,tuscan
TSI,NA20792,EUR,male,tuscan
TSI,NA20795,EUR,female,tuscan
TSI,NA20796,EUR,male,tuscan
TSI,NA20797,EUR,female,tuscan
TSI,NA20798,EUR,male,tuscan
TSI,NA20799,EUR,female,tuscan
TSI,NA20800,EUR,female,tuscan
TSI,NA20801,EUR,male,tuscan
TSI,NA20802,EUR,female,tuscan
TSI,NA20803,EUR,male,tuscan
TSI,NA20804,EUR,female,tuscan
TSI,NA20805,EUR,male,tuscan
TSI,NA20806,EUR,male,tuscan
TSI,NA20807,EUR,female,tuscan
TSI,NA20808,EUR,female,tuscan
TSI,NA20809,EUR,male,tuscan
TSI,NA20810,EUR,male,tuscan
TSI,NA20811,EUR,male,tuscan
TSI,NA20812,EUR,male,tuscan
TSI,NA20813,EUR,female,tuscan
TSI,NA20814,EUR,male,tuscan
TSI,NA20815,EUR,male,tuscan
TSI,NA20818,EUR,female,tuscan
TSI,NA20819,EUR,female,tuscan
TSI,NA20821,EUR,female,tuscan
TSI,NA20822,EUR,female,tuscan
TSI,NA20826,EUR,female,tuscan
TSI,NA20827,EUR,male,tuscan
TSI,NA20828,EUR,female,tuscan
TSI,NA20832,EUR,female,tuscan
YRI,NA18486,AFR,male,yoruba
YRI,NA18488,AFR,female,yoruba
YRI,NA18489,AFR,female,yoruba
YRI,NA18498,AFR,male,yoruba
YRI,NA18499,AFR,female,yoruba
YRI,NA18501,AFR,male,yoruba
YRI,NA18502,AFR,female,yoruba
YRI,NA18504,AFR,male,yoruba
YRI,NA18505,AFR,female,yoruba
YRI,NA18507,AFR,male,yoruba
YRI,NA18508,AFR,female,yoruba
YRI,NA18510,AFR,male,yoruba
YRI,NA18511,AFR,female,yoruba
YRI,NA18516,AFR,male,yoruba
YRI,NA18517,AFR,female,yoruba
YRI,NA18519,AFR,male,yoruba
YRI,NA18520,AFR,female,yoruba
YRI,NA18522,AFR,male,yoruba
YRI,NA18523,AFR,female,yoruba
YRI,NA18908,AFR,male,yoruba
YRI,NA18909,AFR,female,yoruba
YRI,NA18910,AFR,male,yoruba
YRI,NA18912,AFR,female,yoruba
YRI,NA18915,AFR,male,yoruba
YRI,NA18916,AFR,female,yoruba
YRI,NA18917,AFR,male,yoruba
YRI,NA18923,AFR,male,yoruba
YRI,NA18924,AFR,female,yoruba
YRI,NA18933,AFR,female,yoruba
YRI,NA18934,AFR,male,yoruba
YRI,NA19198,AFR,male,yoruba
YRI,NA19092,AFR,male,yoruba
YRI,NA19093,AFR,female,yoruba
YRI,NA19095,AFR,female,yoruba
YRI,NA19096,AFR,male,yoruba
YRI,NA19098,AFR,male,yoruba
YRI,NA19099,AFR,female,yoruba
YRI,NA19102,AFR,female,yoruba
YRI,NA19107,AFR,male,yoruba
YRI,NA19108,AFR,female,yoruba
YRI,NA19113,AFR,male,yoruba
YRI,NA19114,AFR,female,yoruba
YRI,NA19116,AFR,female,yoruba
YRI,NA19117,AFR,male,yoruba
YRI,NA19118,AFR,female,yoruba
YRI,NA19119,AFR,male,yoruba
YRI,NA19121,AFR,male,yoruba
YRI,NA19129,AFR,female,yoruba
YRI,NA19130,AFR,male,yoruba
YRI,NA19131,AFR,female,yoruba
YRI,NA19137,AFR,female,yoruba
YRI,NA19138,AFR,male,yoruba
YRI,NA19141,AFR,male,yoruba
YRI,NA19143,AFR,female,yoruba
YRI,NA19144,AFR,male,yoruba
YRI,NA19146,AFR,male,yoruba
YRI,NA19147,AFR,female,yoruba
YRI,NA19149,AFR,female,yoruba
YRI,NA19152,AFR,female,yoruba
YRI,NA19153,AFR,male,yoruba
YRI,NA19159,AFR,female,yoruba
YRI,NA19160,AFR,male,yoruba
YRI,NA19171,AFR,male,yoruba
YRI,NA19172,AFR,female,yoruba
YRI,NA19175,AFR,male,yoruba
YRI,NA19184,AFR,male,yoruba
YRI,NA19185,AFR,female,yoruba
YRI,NA19189,AFR,male,yoruba
YRI,NA19190,AFR,female,yoruba
YRI,NA19197,AFR,female,yoruba
YRI,NA19235,AFR,female,yoruba
YRI,NA19200,AFR,male,yoruba
YRI,NA19201,AFR,female,yoruba
YRI,NA19204,AFR,female,yoruba
YRI,NA19206,AFR,female,yoruba
YRI,NA19207,AFR,male,yoruba
YRI,NA19209,AFR,female,yoruba
YRI,NA19210,AFR,male,yoruba
YRI,NA19213,AFR,male,yoruba
YRI,NA19214,AFR,female,yoruba
YRI,NA19222,AFR,female,yoruba
YRI,NA19223,AFR,male,yoruba
YRI,NA19225,AFR,female,yoruba
YRI,NA18878,AFR,female,yoruba
YRI,NA19236,AFR,male,yoruba
YRI,NA19238,AFR,female,yoruba
YRI,NA19239,AFR,male,yoruba
YRI,NA19247,AFR,female,yoruba
YRI,NA19248,AFR,male,yoruba
YRI,NA19256,AFR,male,yoruba
YRI,NA19257,AFR,female,yoruba
YRI,NA18871,AFR,male,yoruba
YRI,NA18873,AFR,female,yoruba
YRI,NA18874,AFR,male,yoruba
YRI,NA18876,AFR,female,yoruba
YRI,NA18877,AFR,male,yoruba
YRI,NA18853,AFR,male,yoruba
YRI,NA18879,AFR,male,yoruba
YRI,NA18881,AFR,female,yoruba
YRI,NA18907,AFR,female,yoruba
YRI,NA18864,AFR,female,yoruba
YRI,NA18865,AFR,male,yoruba
YRI,NA18867,AFR,female,yoruba
YRI,NA18868,AFR,male,yoruba
YRI,NA18870,AFR,female,yoruba
YRI,NA18856,AFR,male,yoruba
YRI,NA18858,AFR,female,yoruba
YRI,NA18861,AFR,female,yoruba
